{"stats":{"minecraft:killed":{"minecraft:cave_spider":4,"minecraft:witch":1,"born_in_chaos_v1:zombie_lumberjack":1,"born_in_chaos_v1:door_knight_not_despawn":1,"minecraft:spider":13,"born_in_chaos_v1:baby_skeleton_minion":7,"minecraft:skeleton":10,"born_in_chaos_v1:supreme_bonescaller_stage_2":1,"born_in_chaos_v1:firelight_not_despawn":1,"minecraft:zombie_villager":1,"minecraft:iron_golem":16,"minecraft:creeper":7,"minecraft:sheep":2,"minecraft:pillager":19,"born_in_chaos_v1:zombie_fisherman":1,"minecraft:zombie":14,"minecraft:stray":6,"minecraft:evoker":1,"minecraft:vex":1,"minecraft:vindicator":9,"born_in_chaos_v1:zombie_bruiser":1,"born_in_chaos_v1:maggot":7,"minecraft:drowned":1,"born_in_chaos_v1:barrel_zombie":2,"born_in_chaos_v1:bone_imp_minion":1,"born_in_chaos_v1:baby_skeleton":4,"minecraft:ravager":4,"born_in_chaos_v1:decrepit_skeleton":5,"born_in_chaos_v1:bloody_gadfly":1,"born_in_chaos_v1:bonescaller_not_despawn":2,"born_in_chaos_v1:dark_vortex":1,"born_in_chaos_v1:decaying_zombie_not_despawn":1},"minecraft:custom":{"minecraft:interact_with_crafting_table":43,"minecraft:open_barrel":36,"minecraft:bell_ring":21,"minecraft:leave_game":2,"minecraft:time_since_death":116278,"minecraft:sprint_one_cm":1433335,"minecraft:damage_blocked_by_shield":315,"minecraft:drop":102,"minecraft:talked_to_villager":104,"minecraft:play_time":395524,"minecraft:deaths":4,"minecraft:jump":8398,"minecraft:walk_on_water_one_cm":80656,"minecraft:interact_with_furnace":10,"minecraft:traded_with_villager":510,"minecraft:sleep_in_bed":7,"minecraft:waystone_activated":1,"minecraft:damage_dealt":32512,"minecraft:crouch_one_cm":108193,"tombstone:undead_killed":59,"minecraft:mob_kills":150,"minecraft:interact_with_anvil":3,"minecraft:inspect_hopper":18,"minecraft:damage_dealt_resisted":1057,"minecraft:climb_one_cm":70088,"minecraft:walk_one_cm":790257,"minecraft:raid_win":1,"minecraft:sneak_time":40044,"minecraft:walk_under_water_one_cm":27599,"minecraft:total_world_time":395687,"tombstone:raider_killed":34,"minecraft:raid_trigger":1,"minecraft:interact_with_grindstone":1,"minecraft:interact_with_stonecutter":1,"minecraft:time_since_rest":40382,"minecraft:damage_taken":5852,"minecraft:damage_absorbed":80,"minecraft:swim_one_cm":75564,"minecraft:fly_one_cm":2348285,"minecraft:open_chest":199,"minecraft:fall_one_cm":216714},"minecraft:dropped":{"minecraft:diamond_axe":1,"minecraft:diamond":1,"minecraft:crossbow":1,"minecraft:sheaf_pottery_sherd":4,"minecraft:emerald":3,"minecraft:dirt":3,"tombstone:bag_of_seeds":1,"minecraft:sand":64,"minecraft:stone_axe":4,"minecraft:wheat":152,"born_in_chaos_v1:ethereal_spirit":1,"minecraft:beetroot":1,"minecraft:rotten_flesh":13,"minecraft:salmon":2,"minecraft:carrot":274,"minecraft:chainmail_chestplate":2,"minecraft:poppy":16,"born_in_chaos_v1:chipped_black_argillite_brick":1,"minecraft:beetroot_seeds":3,"born_in_chaos_v1:corpse_maggot":1,"minecraft:leather_boots":3,"minecraft:chainmail_boots":1,"minecraft:snort_pottery_sherd":1,"minecraft:iron_bars":1,"minecraft:arrow":32,"immersiveengineering:seed":6,"minecraft:lectern":1,"minecraft:bread":34,"minecraft:shelter_pottery_sherd":1,"minecraft:wheat_seeds":11,"minecraft:diamond_leggings":1,"minecraft:cobblestone":19,"minecraft:lead":1,"minecraft:oxeye_daisy":1,"born_in_chaos_v1:river_mint":1,"minecraft:diamond_helmet":1,"tombstone:grave_dust":1,"minecraft:white_banner":2,"minecraft:iron_axe":4,"minecraft:angler_pottery_sherd":1,"minecraft:chainmail_leggings":1,"minecraft:iron_shovel":1,"minecraft:paper":3,"minecraft:spruce_sapling":1,"born_in_chaos_v1:rotten_fish":2,"minecraft:iron_hoe":1,"minecraft:stone_slab":5,"minecraft:diamond_sword":1,"minecraft:diamond_chestplate":1,"minecraft:oak_sapling":63,"minecraft:diamond_boots":1,"minecraft:bow":1,"minecraft:stone_pickaxe":3},"minecraft:mined":{"minecraft:spruce_planks":28,"minecraft:white_bed":28,"minecraft:oak_sapling":17,"minecraft:brewing_stand":3,"minecraft:grass_block":42,"minecraft:composter":4,"minecraft:hopper":2,"minecraft:spawner":1,"minecraft:iron_ore":12,"minecraft:fire":5,"minecraft:fletching_table":9,"minecraft:brown_bed":4,"minecraft:dirt_path":19,"minecraft:water_cauldron":1,"minecraft:iron_bars":1,"minecraft:black_candle":2,"minecraft:red_bed":39,"minecraft:clay":8,"minecraft:torch":6,"minecraft:blast_furnace":4,"minecraft:poppy":2,"minecraft:chest":5,"minecraft:spruce_wall_sign":5,"minecraft:cobblestone":149,"minecraft:grindstone":4,"minecraft:sugar_cane":5,"minecraft:oak_planks":148,"minecraft:damaged_anvil":1,"minecraft:wall_torch":2,"minecraft:spruce_sign":1,"minecraft:birch_sapling":5,"minecraft:skeleton_skull":1,"minecraft:birch_log":10,"born_in_chaos_v1:river_mint":2,"minecraft:grass":147,"minecraft:oak_log":34,"minecraft:beetroots":1,"minecraft:oak_fence_gate":3,"minecraft:sand":65,"minecraft:dirt":32,"minecraft:stonecutter":2,"minecraft:oak_leaves":5,"fantasyfurniture:furniture_station":1,"minecraft:spruce_fence":11,"minecraft:decorated_pot":5,"minecraft:spruce_leaves":7,"born_in_chaos_v1:gnawed_bones":1,"minecraft:hay_block":33,"minecraft:spruce_sapling":7,"minecraft:furnace":2,"minecraft:carrots":2,"minecraft:andesite":113,"minecraft:bell":3,"minecraft:vine":12,"minecraft:lantern":1,"minecraft:bamboo":4,"minecraft:stone":95,"minecraft:smithing_table":2,"minecraft:scaffolding":21,"minecraft:dandelion":1,"minecraft:cornflower":1,"minecraft:crafting_table":8,"minecraft:lectern":2,"minecraft:andesite_wall":21,"minecraft:tall_grass":69,"born_in_chaos_v1:chipped_black_argillite_brick":1,"minecraft:coarse_dirt":1,"minecraft:sweet_berry_bush":1,"minecraft:spruce_log":23,"minecraft:white_wall_banner":1,"minecraft:yellow_bed":7,"minecraft:coal_ore":104,"minecraft:gravel":88,"minecraft:cobweb":6,"minecraft:spruce_fence_gate":3,"minecraft:fern":1},"minecraft:crafted":{"minecraft:grindstone":1,"minecraft:oak_planks":2136,"fantasyfurniture:furniture_station":1,"minecraft:stone":3,"minecraft:hopper":2,"minecraft:diamond_helmet":2,"minecraft:bow":2,"minecraft:diamond_leggings":2,"minecraft:chest":4,"minecraft:arrow":64,"minecraft:emerald":454,"minecraft:diamond_axe":2,"minecraft:crafting_table":4,"minecraft:spruce_planks":4380,"minecraft:wooden_pickaxe":1,"minecraft:chainmail_chestplate":5,"minecraft:fletching_table":4,"minecraft:birch_planks":384,"minecraft:iron_chestplate":1,"minecraft:shield":10,"minecraft:stick":12859,"minecraft:stone_slab":6,"minecraft:gold_ingot":1,"minecraft:spruce_fence_gate":5,"minecraft:shears":1,"minecraft:spruce_button":64,"minecraft:furnace":2,"minecraft:bone_meal":234,"minecraft:spruce_fence":51,"minecraft:andesite_wall":24,"minecraft:scaffolding":18,"minecraft:leather":1,"minecraft:iron_axe":14,"minecraft:iron_hoe":1,"minecraft:stone_pickaxe":1,"minecraft:diamond_boots":2,"minecraft:chainmail_leggings":6,"minecraft:wheat":297,"sophisticatedbackpacks:iron_backpack":1,"minecraft:diamond_sword":2,"minecraft:spruce_sign":6,"minecraft:iron_sword":1,"sophisticatedbackpacks:gold_backpack":1,"minecraft:bucket":1,"minecraft:stone_axe":2,"minecraft:bread":64,"minecraft:air":0,"minecraft:oak_fence_gate":1,"minecraft:chainmail_boots":6,"minecraft:iron_shovel":2,"minecraft:torch":12,"minecraft:diamond_chestplate":2},"minecraft:broken":{"minecraft:stone_axe":1,"minecraft:crossbow":1,"minecraft:iron_axe":6,"minecraft:iron_pickaxe":1},"minecraft:picked_up":{"minecraft:wheat":22,"minecraft:chainmail_boots":2,"minecraft:prismarine_shard":4,"minecraft:smithing_table":2,"minecraft:lead":1,"minecraft:oak_stairs":2,"minecraft:brown_bed":4,"minecraft:potion":5,"minecraft:brewing_stand":2,"minecraft:string":23,"minecraft:beetroot":1,"minecraft:spruce_planks":28,"minecraft:iron_pickaxe":1,"born_in_chaos_v1:stimulating_decoction":1,"minecraft:furnace":2,"minecraft:tipped_arrow":8,"minecraft:stick":252,"minecraft:sheaf_pottery_sherd":4,"minecraft:composter":4,"minecraft:torch":11,"tombstone:grave_dust":13,"minecraft:vine":12,"minecraft:cauldron":1,"fantasyfurniture:furniture_station":1,"minecraft:andesite_wall":16,"minecraft:rotten_flesh":38,"minecraft:iron_bars":1,"minecraft:cod":1,"alexsmobs:flying_fish":1,"minecraft:cobblestone":239,"minecraft:nautilus_shell":1,"minecraft:birch_log":102,"born_in_chaos_v1:spiritual_dust":3,"minecraft:andesite":110,"minecraft:flint":8,"minecraft:lapis_lazuli":1,"minecraft:dirt":131,"minecraft:leather_boots":2,"minecraft:bone":39,"minecraft:stonecutter":2,"minecraft:wheat_seeds":45,"minecraft:raw_gold":2,"minecraft:bell":3,"minecraft:grindstone":4,"minecraft:fletching_table":9,"minecraft:bamboo":36,"croptopia:roe":2,"minecraft:oak_planks":148,"minecraft:cooked_porkchop":4,"minecraft:poisonous_potato":2,"minecraft:sand":64,"minecraft:ink_sac":1,"minecraft:dark_oak_log":2,"minecraft:bundle":1,"croptopia:cherry":2,"minecraft:spruce_fence_gate":2,"born_in_chaos_v1:fire_dust":1,"minecraft:diamond":1,"minecraft:angler_pottery_sherd":2,"waystones:waystone":1,"minecraft:crossbow":2,"minecraft:bone_meal":16,"minecraft:golden_apple":2,"minecraft:bread":5,"minecraft:spruce_sign":4,"minecraft:emerald":58,"minecraft:oak_sapling":262,"born_in_chaos_v1:rotten_fish":19,"born_in_chaos_v1:sea_terror_stomach":1,"minecraft:crimson_roots":1,"minecraft:shelter_pottery_sherd":2,"minecraft:crafting_table":8,"minecraft:azure_bluet":1,"minecraft:clay_ball":43,"born_in_chaos_v1:river_mint":2,"croptopia:peach":10,"born_in_chaos_v1:seedof_chaos":3,"minecraft:brown_mushroom":4,"minecraft:cornflower":1,"minecraft:red_bed":39,"minecraft:iron_axe":5,"born_in_chaos_v1:intoxicating_decoction":1,"minecraft:item_frame":3,"born_in_chaos_v1:gnawed_bones":1,"minecraft:poppy":34,"minecraft:lectern":3,"minecraft:sugar_cane":10,"minecraft:chest":5,"minecraft:birch_sapling":16,"minecraft:egg":1,"minecraft:raw_iron":12,"minecraft:spruce_fence":11,"sophisticatedbackpacks:backpack":1,"born_in_chaos_v1:pieceofdarkmetal":6,"minecraft:carrot":348,"minecraft:prismarine_crystals":2,"minecraft:arrow":23,"minecraft:decorated_pot":4,"minecraft:beetroot_seeds":3,"minecraft:hay_block":33,"born_in_chaos_v1:spiny_shell":1,"minecraft:totem_of_undying":2,"minecraft:mutton":3,"minecraft:skeleton_skull":1,"minecraft:white_wool":2,"minecraft:oxeye_daisy":1,"born_in_chaos_v1:corpse_maggot":6,"minecraft:salmon":2,"minecraft:oak_log":690,"minecraft:chainmail_chestplate":2,"minecraft:yellow_bed":7,"minecraft:gunpowder":4,"minecraft:paper":3,"minecraft:white_banner":5,"tombstone:gift":1,"minecraft:cooked_mutton":4,"minecraft:apple":30,"minecraft:cooked_chicken":1,"minecraft:oak_fence_gate":3,"minecraft:iron_ingot":75,"minecraft:stone_pickaxe":2,"born_in_chaos_v1:chipped_black_argillite_brick":2,"tombstone:bag_of_seeds":2,"minecraft:book":1,"minecraft:scaffolding":35,"minecraft:black_candle":5,"croptopia:apricot":11,"minecraft:sweet_berries":2,"born_in_chaos_v1:orbofthe_summoner":1,"born_in_chaos_v1:ethereal_spirit":1,"minecraft:dandelion":6,"minecraft:gravel":80,"minecraft:spruce_sapling":121,"minecraft:blast_furnace":6,"minecraft:white_bed":29,"minecraft:spruce_log":1114,"minecraft:spider_eye":3,"minecraft:pumpkin_seeds":4,"minecraft:slime_ball":1,"minecraft:snort_pottery_sherd":1,"immersiveengineering:seed":33,"minecraft:stone_axe":6,"minecraft:chainmail_leggings":1,"croptopia:orange":19,"minecraft:scute":1,"tombstone:magic_scroll":2,"minecraft:damaged_anvil":1,"minecraft:coal":121,"minecraft:hopper":2,"minecraft:ender_pearl":1},"minecraft:used":{"minecraft:iron_shovel":168,"minecraft:poppy":7,"minecraft:decorated_pot":4,"minecraft:chest":7,"minecraft:shield":6,"minecraft:iron_sword":146,"minecraft:bell":3,"minecraft:carrot":106,"minecraft:azure_bluet":1,"minecraft:milk_bucket":1,"born_in_chaos_v1:corpse_maggot":2,"born_in_chaos_v1:smoked_flesh":3,"minecraft:lava_bucket":15,"minecraft:item_frame":3,"minecraft:bow":158,"minecraft:scaffolding":53,"minecraft:sweet_berries":1,"minecraft:furnace":2,"minecraft:oak_sapling":24,"minecraft:damaged_anvil":1,"minecraft:stone_pickaxe":67,"minecraft:oak_planks":146,"minecraft:wooden_pickaxe":22,"minecraft:composter":2,"minecraft:diamond_axe":204,"minecraft:golden_apple":2,"minecraft:blast_furnace":2,"minecraft:crossbow":2,"minecraft:shears":12,"croptopia:orange":11,"waystones:waystone":1,"minecraft:bread":37,"minecraft:lectern":2,"minecraft:gravel":78,"minecraft:diamond_sword":139,"minecraft:grindstone":5,"minecraft:smithing_table":2,"minecraft:birch_log":6,"minecraft:andesite":64,"minecraft:air":1,"minecraft:bone_meal":257,"minecraft:spruce_planks":101,"minecraft:cooked_chicken":1,"minecraft:torch":16,"minecraft:dirt":125,"minecraft:hopper":3,"minecraft:spruce_fence":45,"minecraft:oak_fence_gate":4,"minecraft:andesite_wall":55,"minecraft:iron_hoe":13,"minecraft:iron_axe":326,"minecraft:oak_stairs":2,"minecraft:totem_of_undying":1,"tombstone:gift":3,"minecraft:cooked_beef":12,"minecraft:brown_bed":4,"minecraft:cooked_mutton":4,"minecraft:water_bucket":12,"fantasyfurniture:venthyr/desk_left":1,"croptopia:apricot":4,"minecraft:spruce_sign":12,"minecraft:fletching_table":13,"minecraft:stonecutter":1,"minecraft:spruce_fence_gate":7,"minecraft:glow_item_frame":1,"minecraft:vine":4,"minecraft:crafting_table":10,"minecraft:red_bed":39,"croptopia:cherry":2,"minecraft:white_bed":29,"minecraft:spruce_log":9,"minecraft:oak_log":22,"minecraft:apple":37,"minecraft:iron_pickaxe":462,"minecraft:map":1,"minecraft:spruce_sapling":33,"minecraft:stone_axe":39,"fantasyfurniture:furniture_station":2,"minecraft:cobblestone":157,"minecraft:white_banner":1,"minecraft:cooked_porkchop":4,"minecraft:bucket":27,"minecraft:yellow_bed":7,"minecraft:pumpkin_pie":3}},"DataVersion":3465}