{"stats":{"minecraft:dropped":{"minecraft:bread":21,"minecraft:wheat_seeds":10,"minecraft:diamond":1,"minecraft:diamond_leggings":1,"minecraft:cobblestone":19,"minecraft:lead":1,"minecraft:emerald":3,"minecraft:oxeye_daisy":1,"minecraft:dirt":3,"born_in_chaos_v1:river_mint":1,"minecraft:diamond_helmet":1,"minecraft:iron_axe":3,"minecraft:sand":64,"minecraft:chainmail_leggings":1,"minecraft:paper":3,"minecraft:stone_axe":1,"minecraft:wheat":152,"born_in_chaos_v1:ethereal_spirit":1,"minecraft:beetroot":1,"minecraft:rotten_flesh":1,"minecraft:stone_slab":5,"minecraft:carrot":50,"minecraft:chainmail_chestplate":1,"minecraft:poppy":3,"minecraft:diamond_chestplate":1,"born_in_chaos_v1:chipped_black_argillite_brick":1,"minecraft:beetroot_seeds":3,"minecraft:leather_boots":3,"minecraft:oak_sapling":63,"minecraft:chainmail_boots":1,"minecraft:diamond_boots":1,"minecraft:arrow":32,"minecraft:bow":1,"minecraft:stone_pickaxe":1,"immersiveengineering:seed":5},"minecraft:picked_up":{"minecraft:crafting_table":4,"minecraft:wheat":22,"minecraft:chainmail_boots":2,"minecraft:clay_ball":32,"born_in_chaos_v1:river_mint":1,"croptopia:peach":10,"minecraft:smithing_table":1,"minecraft:brown_mushroom":4,"minecraft:lead":1,"minecraft:oak_stairs":2,"minecraft:brown_bed":4,"minecraft:red_bed":11,"minecraft:iron_axe":2,"minecraft:item_frame":2,"minecraft:beetroot":1,"minecraft:poppy":13,"minecraft:iron_pickaxe":1,"minecraft:lectern":1,"minecraft:sugar_cane":10,"minecraft:chest":5,"minecraft:birch_sapling":16,"minecraft:egg":1,"minecraft:stick":157,"minecraft:raw_iron":12,"minecraft:composter":2,"sophisticatedbackpacks:backpack":1,"minecraft:torch":9,"minecraft:carrot":58,"fantasyfurniture:furniture_station":1,"minecraft:andesite_wall":4,"minecraft:arrow":1,"minecraft:rotten_flesh":3,"minecraft:decorated_pot":1,"minecraft:beetroot_seeds":3,"minecraft:hay_block":28,"minecraft:mutton":3,"minecraft:cobblestone":160,"minecraft:white_wool":2,"minecraft:oxeye_daisy":1,"minecraft:nautilus_shell":1,"minecraft:birch_log":102,"born_in_chaos_v1:corpse_maggot":2,"minecraft:andesite":87,"minecraft:flint":8,"minecraft:oak_log":534,"minecraft:chainmail_chestplate":1,"minecraft:yellow_bed":3,"minecraft:paper":3,"minecraft:dirt":70,"minecraft:leather_boots":2,"minecraft:bone":4,"minecraft:stone_pickaxe":1,"minecraft:apple":25,"minecraft:stonecutter":1,"minecraft:grindstone":2,"minecraft:wheat_seeds":39,"minecraft:bell":2,"minecraft:oak_fence_gate":1,"minecraft:iron_ingot":30,"born_in_chaos_v1:chipped_black_argillite_brick":2,"minecraft:oak_planks":30,"minecraft:book":1,"croptopia:apricot":11,"minecraft:sweet_berries":2,"born_in_chaos_v1:ethereal_spirit":1,"minecraft:gravel":80,"minecraft:sand":64,"minecraft:spruce_sapling":59,"minecraft:blast_furnace":3,"minecraft:spruce_log":394,"minecraft:white_bed":29,"minecraft:spider_eye":1,"croptopia:cherry":2,"minecraft:pumpkin_seeds":4,"minecraft:diamond":1,"born_in_chaos_v1:fire_dust":1,"immersiveengineering:seed":25,"waystones:waystone":1,"minecraft:chainmail_leggings":1,"croptopia:orange":19,"minecraft:bone_meal":10,"minecraft:emerald":55,"minecraft:oak_sapling":175,"minecraft:damaged_anvil":1,"minecraft:coal":104,"minecraft:crimson_roots":1},"minecraft:custom":{"minecraft:interact_with_anvil":2,"minecraft:mob_kills":24,"minecraft:inspect_hopper":12,"minecraft:interact_with_crafting_table":29,"minecraft:open_barrel":14,"minecraft:bell_ring":21,"minecraft:damage_dealt_resisted":6,"minecraft:leave_game":1,"minecraft:time_since_death":188949,"minecraft:sprint_one_cm":861803,"minecraft:walk_one_cm":373294,"minecraft:drop":54,"minecraft:talked_to_villager":54,"minecraft:play_time":222124,"minecraft:deaths":3,"minecraft:sneak_time":24968,"minecraft:walk_under_water_one_cm":6407,"minecraft:jump":4661,"minecraft:walk_on_water_one_cm":9876,"minecraft:total_world_time":222287,"minecraft:interact_with_furnace":8,"minecraft:traded_with_villager":301,"minecraft:interact_with_stonecutter":1,"minecraft:sleep_in_bed":4,"minecraft:time_since_rest":49008,"minecraft:waystone_activated":1,"minecraft:damage_taken":1537,"minecraft:damage_dealt":10762,"minecraft:swim_one_cm":51722,"minecraft:fly_one_cm":1491755,"minecraft:open_chest":88,"minecraft:crouch_one_cm":71532,"tombstone:undead_killed":8,"minecraft:fall_one_cm":131902},"minecraft:used":{"minecraft:iron_shovel":128,"minecraft:poppy":5,"minecraft:decorated_pot":1,"minecraft:chest":6,"minecraft:bell":2,"minecraft:torch":9,"minecraft:dirt":67,"minecraft:hopper":1,"minecraft:carrot":8,"minecraft:oak_fence_gate":2,"minecraft:milk_bucket":1,"minecraft:andesite_wall":28,"born_in_chaos_v1:corpse_maggot":2,"minecraft:iron_hoe":13,"minecraft:lava_bucket":12,"minecraft:iron_axe":262,"minecraft:oak_stairs":2,"minecraft:item_frame":3,"minecraft:bow":1,"minecraft:sweet_berries":1,"minecraft:oak_sapling":23,"minecraft:furnace":2,"minecraft:cooked_beef":6,"minecraft:brown_bed":4,"minecraft:water_bucket":12,"minecraft:damaged_anvil":1,"fantasyfurniture:venthyr/desk_left":1,"minecraft:stone_pickaxe":42,"minecraft:oak_planks":143,"croptopia:apricot":4,"minecraft:wooden_pickaxe":22,"minecraft:composter":2,"minecraft:stonecutter":1,"minecraft:fletching_table":4,"minecraft:glow_item_frame":1,"minecraft:blast_furnace":1,"minecraft:red_bed":11,"minecraft:crafting_table":5,"croptopia:cherry":2,"minecraft:white_bed":29,"croptopia:orange":11,"waystones:waystone":1,"minecraft:apple":35,"minecraft:bread":21,"minecraft:map":1,"minecraft:iron_pickaxe":337,"minecraft:spruce_sapling":22,"minecraft:lectern":1,"minecraft:gravel":78,"minecraft:stone_axe":39,"fantasyfurniture:furniture_station":2,"minecraft:cobblestone":99,"minecraft:grindstone":3,"minecraft:smithing_table":1,"minecraft:andesite":56,"minecraft:bucket":24,"minecraft:birch_log":6,"minecraft:pumpkin_pie":3,"minecraft:yellow_bed":3,"minecraft:bone_meal":55},"minecraft:broken":{"minecraft:iron_axe":4,"minecraft:stone_axe":1,"minecraft:iron_pickaxe":1},"minecraft:killed":{"born_in_chaos_v1:door_knight_not_despawn":1,"minecraft:spider":1,"born_in_chaos_v1:maggot":1,"minecraft:skeleton":1,"minecraft:drowned":1,"born_in_chaos_v1:firelight_not_despawn":1,"born_in_chaos_v1:baby_skeleton":1,"minecraft:iron_golem":9,"born_in_chaos_v1:decrepit_skeleton":3,"minecraft:sheep":2,"born_in_chaos_v1:bloody_gadfly":1,"born_in_chaos_v1:decaying_zombie_not_despawn":1},"minecraft:mined":{"minecraft:white_bed":28,"minecraft:oak_sapling":17,"fantasyfurniture:furniture_station":1,"minecraft:grass_block":20,"minecraft:decorated_pot":1,"minecraft:spruce_leaves":2,"minecraft:composter":2,"minecraft:hay_block":28,"minecraft:spruce_sapling":3,"minecraft:carrots":1,"minecraft:iron_ore":12,"minecraft:fire":2,"minecraft:andesite":90,"minecraft:brown_bed":4,"minecraft:bell":2,"minecraft:lantern":1,"minecraft:stone":86,"minecraft:smithing_table":1,"minecraft:red_bed":11,"minecraft:clay":8,"minecraft:crafting_table":4,"minecraft:torch":6,"minecraft:blast_furnace":3,"minecraft:chest":5,"minecraft:andesite_wall":4,"minecraft:lectern":1,"minecraft:tall_grass":56,"minecraft:cobblestone":76,"born_in_chaos_v1:chipped_black_argillite_brick":1,"minecraft:grindstone":2,"minecraft:sugar_cane":5,"minecraft:oak_planks":30,"minecraft:damaged_anvil":1,"minecraft:wall_torch":1,"minecraft:birch_sapling":5,"minecraft:coarse_dirt":1,"minecraft:birch_log":10,"minecraft:sweet_berry_bush":1,"minecraft:spruce_log":4,"born_in_chaos_v1:river_mint":1,"minecraft:yellow_bed":3,"minecraft:grass":139,"minecraft:oak_log":14,"minecraft:coal_ore":104,"minecraft:beetroots":1,"minecraft:oak_fence_gate":1,"minecraft:gravel":88,"minecraft:sand":65,"minecraft:dirt":30,"minecraft:stonecutter":1,"minecraft:oak_leaves":4,"minecraft:fern":1},"minecraft:crafted":{"minecraft:grindstone":1,"minecraft:oak_planks":2136,"fantasyfurniture:furniture_station":1,"minecraft:furnace":2,"minecraft:stone":3,"minecraft:bone_meal":45,"minecraft:andesite_wall":12,"minecraft:hopper":1,"minecraft:bow":2,"minecraft:diamond_helmet":2,"minecraft:diamond_leggings":2,"minecraft:leather":1,"minecraft:iron_axe":14,"minecraft:iron_hoe":1,"minecraft:stone_pickaxe":1,"minecraft:chest":2,"minecraft:diamond_boots":2,"minecraft:chainmail_leggings":6,"sophisticatedbackpacks:iron_backpack":1,"minecraft:wheat":252,"minecraft:arrow":64,"minecraft:emerald":249,"minecraft:crafting_table":3,"minecraft:spruce_planks":1576,"minecraft:wooden_pickaxe":1,"minecraft:iron_sword":1,"minecraft:chainmail_chestplate":5,"minecraft:fletching_table":4,"minecraft:birch_planks":384,"minecraft:bucket":1,"minecraft:stone_axe":2,"minecraft:bread":42,"minecraft:air":0,"minecraft:oak_fence_gate":1,"minecraft:iron_chestplate":1,"minecraft:shield":10,"minecraft:stick":7859,"minecraft:stone_slab":6,"minecraft:chainmail_boots":6,"minecraft:iron_shovel":1,"minecraft:torch":4,"minecraft:diamond_chestplate":2}},"DataVersion":3465}