{"stats":{"minecraft:dropped":{"minecraft:bread":21,"minecraft:wheat_seeds":11,"minecraft:diamond_axe":1,"minecraft:diamond":1,"minecraft:diamond_leggings":1,"minecraft:cobblestone":19,"minecraft:lead":1,"minecraft:emerald":3,"minecraft:oxeye_daisy":1,"minecraft:dirt":3,"tombstone:bag_of_seeds":1,"born_in_chaos_v1:river_mint":1,"minecraft:diamond_helmet":1,"tombstone:grave_dust":1,"minecraft:iron_axe":3,"minecraft:sand":64,"minecraft:chainmail_leggings":1,"minecraft:paper":3,"minecraft:spruce_sapling":1,"minecraft:stone_axe":1,"minecraft:wheat":152,"born_in_chaos_v1:ethereal_spirit":1,"minecraft:beetroot":1,"minecraft:rotten_flesh":5,"minecraft:stone_slab":5,"minecraft:carrot":50,"minecraft:chainmail_chestplate":1,"minecraft:poppy":13,"minecraft:diamond_chestplate":1,"born_in_chaos_v1:chipped_black_argillite_brick":1,"minecraft:beetroot_seeds":3,"minecraft:leather_boots":3,"minecraft:oak_sapling":63,"minecraft:chainmail_boots":1,"minecraft:diamond_boots":1,"minecraft:arrow":32,"minecraft:bow":1,"minecraft:stone_pickaxe":3,"immersiveengineering:seed":6},"minecraft:picked_up":{"minecraft:crafting_table":7,"minecraft:wheat":22,"minecraft:prismarine_shard":4,"minecraft:chainmail_boots":2,"minecraft:clay_ball":43,"born_in_chaos_v1:river_mint":1,"croptopia:peach":10,"minecraft:smithing_table":1,"minecraft:brown_mushroom":4,"minecraft:lead":1,"minecraft:oak_stairs":2,"minecraft:brown_bed":4,"minecraft:string":5,"minecraft:red_bed":21,"minecraft:iron_axe":2,"minecraft:item_frame":2,"minecraft:beetroot":1,"minecraft:poppy":31,"minecraft:iron_pickaxe":1,"minecraft:lectern":1,"minecraft:sugar_cane":10,"minecraft:chest":5,"minecraft:birch_sapling":16,"minecraft:egg":1,"minecraft:stick":198,"minecraft:raw_iron":12,"minecraft:composter":2,"sophisticatedbackpacks:backpack":1,"minecraft:torch":9,"tombstone:grave_dust":3,"minecraft:carrot":62,"minecraft:prismarine_crystals":2,"fantasyfurniture:furniture_station":1,"minecraft:andesite_wall":16,"minecraft:arrow":7,"minecraft:rotten_flesh":13,"minecraft:decorated_pot":4,"minecraft:beetroot_seeds":3,"minecraft:hay_block":28,"minecraft:mutton":3,"minecraft:cobblestone":239,"minecraft:white_wool":2,"minecraft:oxeye_daisy":1,"minecraft:nautilus_shell":1,"minecraft:birch_log":102,"born_in_chaos_v1:corpse_maggot":4,"minecraft:andesite":110,"minecraft:flint":8,"minecraft:oak_log":534,"minecraft:chainmail_chestplate":1,"minecraft:gunpowder":2,"minecraft:yellow_bed":4,"minecraft:lapis_lazuli":1,"minecraft:paper":3,"minecraft:dirt":87,"tombstone:gift":1,"minecraft:cooked_mutton":4,"minecraft:fletching_table":5,"minecraft:leather_boots":2,"minecraft:raw_gold":2,"minecraft:bone":13,"minecraft:stone_pickaxe":2,"minecraft:apple":25,"minecraft:stonecutter":1,"minecraft:grindstone":2,"minecraft:wheat_seeds":43,"minecraft:bell":2,"minecraft:oak_fence_gate":1,"minecraft:iron_ingot":59,"born_in_chaos_v1:chipped_black_argillite_brick":2,"minecraft:bamboo":36,"tombstone:bag_of_seeds":1,"minecraft:oak_planks":30,"minecraft:book":1,"minecraft:scaffolding":35,"minecraft:cooked_porkchop":4,"croptopia:apricot":11,"minecraft:sweet_berries":2,"minecraft:poisonous_potato":2,"born_in_chaos_v1:ethereal_spirit":1,"minecraft:gravel":80,"minecraft:sand":64,"minecraft:spruce_sapling":105,"minecraft:blast_furnace":5,"minecraft:spruce_log":806,"minecraft:white_bed":29,"minecraft:spider_eye":2,"minecraft:spruce_fence_gate":2,"minecraft:bundle":1,"croptopia:cherry":2,"minecraft:pumpkin_seeds":4,"minecraft:slime_ball":1,"minecraft:diamond":1,"born_in_chaos_v1:fire_dust":1,"immersiveengineering:seed":30,"waystones:waystone":1,"minecraft:chainmail_leggings":1,"croptopia:orange":19,"minecraft:bone_meal":12,"minecraft:spruce_sign":4,"minecraft:emerald":55,"born_in_chaos_v1:rotten_fish":1,"minecraft:oak_sapling":175,"minecraft:damaged_anvil":1,"minecraft:hopper":1,"minecraft:coal":104,"minecraft:crimson_roots":1},"minecraft:custom":{"minecraft:interact_with_anvil":2,"minecraft:mob_kills":63,"minecraft:inspect_hopper":16,"minecraft:interact_with_crafting_table":39,"minecraft:open_barrel":14,"minecraft:bell_ring":21,"minecraft:damage_dealt_resisted":6,"minecraft:leave_game":1,"minecraft:time_since_death":20878,"minecraft:climb_one_cm":54086,"minecraft:sprint_one_cm":1117743,"minecraft:walk_one_cm":497767,"minecraft:damage_blocked_by_shield":225,"minecraft:drop":70,"minecraft:talked_to_villager":82,"minecraft:play_time":300124,"minecraft:deaths":4,"minecraft:sneak_time":35418,"minecraft:walk_under_water_one_cm":21408,"minecraft:jump":6533,"minecraft:walk_on_water_one_cm":79185,"minecraft:total_world_time":300287,"minecraft:interact_with_furnace":10,"minecraft:traded_with_villager":406,"minecraft:interact_with_stonecutter":1,"minecraft:sleep_in_bed":6,"minecraft:time_since_rest":18479,"minecraft:waystone_activated":1,"minecraft:damage_taken":2916,"minecraft:damage_dealt":21207,"minecraft:swim_one_cm":68744,"minecraft:fly_one_cm":1918331,"minecraft:open_chest":139,"minecraft:crouch_one_cm":87642,"tombstone:undead_killed":28,"minecraft:fall_one_cm":178227},"minecraft:used":{"minecraft:iron_shovel":128,"minecraft:poppy":7,"minecraft:decorated_pot":4,"minecraft:chest":7,"minecraft:shield":5,"minecraft:iron_sword":146,"minecraft:bell":2,"minecraft:torch":9,"minecraft:dirt":84,"minecraft:hopper":3,"minecraft:carrot":23,"minecraft:spruce_fence":1,"minecraft:oak_fence_gate":2,"minecraft:milk_bucket":1,"minecraft:andesite_wall":55,"born_in_chaos_v1:corpse_maggot":2,"minecraft:iron_hoe":13,"minecraft:lava_bucket":15,"minecraft:iron_axe":294,"minecraft:oak_stairs":2,"minecraft:item_frame":3,"minecraft:bow":25,"minecraft:scaffolding":53,"minecraft:sweet_berries":1,"minecraft:oak_sapling":23,"minecraft:furnace":2,"tombstone:gift":3,"minecraft:cooked_beef":12,"minecraft:brown_bed":4,"minecraft:cooked_mutton":3,"minecraft:water_bucket":12,"minecraft:damaged_anvil":1,"fantasyfurniture:venthyr/desk_left":1,"minecraft:diamond_axe":8,"minecraft:stone_pickaxe":67,"minecraft:oak_planks":143,"minecraft:spruce_fence_gate":7,"minecraft:spruce_sign":12,"croptopia:apricot":4,"minecraft:wooden_pickaxe":22,"minecraft:composter":2,"minecraft:stonecutter":1,"minecraft:fletching_table":9,"minecraft:vine":4,"minecraft:glow_item_frame":1,"minecraft:blast_furnace":1,"minecraft:red_bed":21,"minecraft:crafting_table":8,"croptopia:cherry":2,"minecraft:white_bed":29,"minecraft:spruce_log":6,"croptopia:orange":11,"waystones:waystone":1,"minecraft:apple":37,"minecraft:bread":23,"minecraft:map":1,"minecraft:iron_pickaxe":439,"minecraft:spruce_sapling":28,"minecraft:lectern":1,"minecraft:gravel":78,"minecraft:stone_axe":39,"fantasyfurniture:furniture_station":2,"minecraft:cobblestone":157,"minecraft:cooked_porkchop":4,"minecraft:grindstone":3,"minecraft:smithing_table":1,"minecraft:andesite":64,"minecraft:bucket":27,"minecraft:birch_log":6,"minecraft:pumpkin_pie":3,"minecraft:yellow_bed":4,"minecraft:bone_meal":55},"minecraft:broken":{"minecraft:iron_axe":6,"minecraft:stone_axe":1,"minecraft:iron_pickaxe":1},"minecraft:killed":{"born_in_chaos_v1:zombie_lumberjack":1,"born_in_chaos_v1:door_knight_not_despawn":1,"minecraft:spider":4,"born_in_chaos_v1:maggot":5,"minecraft:skeleton":7,"minecraft:drowned":1,"born_in_chaos_v1:firelight_not_despawn":1,"born_in_chaos_v1:barrel_zombie":2,"born_in_chaos_v1:baby_skeleton":4,"minecraft:iron_golem":16,"minecraft:creeper":3,"born_in_chaos_v1:decrepit_skeleton":5,"minecraft:sheep":2,"born_in_chaos_v1:bloody_gadfly":1,"minecraft:zombie":6,"born_in_chaos_v1:dark_vortex":1,"born_in_chaos_v1:decaying_zombie_not_despawn":1},"minecraft:mined":{"minecraft:white_bed":28,"minecraft:oak_sapling":17,"fantasyfurniture:furniture_station":1,"minecraft:grass_block":20,"minecraft:decorated_pot":4,"minecraft:spruce_leaves":7,"minecraft:hopper":1,"minecraft:composter":2,"minecraft:hay_block":28,"minecraft:spruce_sapling":5,"minecraft:carrots":1,"minecraft:iron_ore":12,"minecraft:fire":5,"minecraft:andesite":113,"minecraft:fletching_table":5,"minecraft:brown_bed":4,"minecraft:bell":2,"minecraft:lantern":1,"minecraft:bamboo":4,"minecraft:stone":95,"minecraft:smithing_table":1,"minecraft:scaffolding":21,"minecraft:red_bed":21,"minecraft:poppy":2,"minecraft:clay":8,"minecraft:crafting_table":7,"minecraft:torch":6,"minecraft:spruce_wall_sign":5,"minecraft:blast_furnace":3,"minecraft:chest":5,"minecraft:andesite_wall":21,"minecraft:lectern":1,"minecraft:tall_grass":57,"minecraft:cobblestone":149,"born_in_chaos_v1:chipped_black_argillite_brick":1,"minecraft:grindstone":2,"minecraft:sugar_cane":5,"minecraft:oak_planks":30,"minecraft:damaged_anvil":1,"minecraft:spruce_sign":1,"minecraft:wall_torch":1,"minecraft:birch_sapling":5,"minecraft:coarse_dirt":1,"minecraft:birch_log":10,"minecraft:sweet_berry_bush":1,"minecraft:spruce_log":15,"born_in_chaos_v1:river_mint":1,"minecraft:yellow_bed":4,"minecraft:grass":140,"minecraft:oak_log":14,"minecraft:coal_ore":104,"minecraft:beetroots":1,"minecraft:oak_fence_gate":1,"minecraft:gravel":88,"minecraft:sand":65,"minecraft:dirt":30,"minecraft:spruce_fence_gate":3,"minecraft:stonecutter":1,"minecraft:oak_leaves":4,"minecraft:fern":1},"minecraft:crafted":{"minecraft:grindstone":1,"minecraft:oak_planks":2136,"fantasyfurniture:furniture_station":1,"minecraft:furnace":2,"minecraft:stone":3,"minecraft:bone_meal":45,"minecraft:spruce_fence":3,"minecraft:andesite_wall":24,"minecraft:scaffolding":18,"minecraft:hopper":2,"minecraft:bow":2,"minecraft:diamond_helmet":2,"minecraft:diamond_leggings":2,"minecraft:leather":1,"minecraft:iron_axe":14,"minecraft:iron_hoe":1,"minecraft:stone_pickaxe":1,"minecraft:chest":4,"minecraft:diamond_boots":2,"minecraft:chainmail_leggings":6,"sophisticatedbackpacks:iron_backpack":1,"minecraft:wheat":252,"minecraft:arrow":64,"minecraft:emerald":352,"minecraft:diamond_axe":2,"minecraft:spruce_sign":6,"minecraft:crafting_table":4,"minecraft:spruce_planks":2816,"minecraft:wooden_pickaxe":1,"minecraft:iron_sword":1,"sophisticatedbackpacks:gold_backpack":1,"minecraft:chainmail_chestplate":5,"minecraft:fletching_table":4,"minecraft:birch_planks":384,"minecraft:bucket":1,"minecraft:stone_axe":2,"minecraft:bread":42,"minecraft:air":0,"minecraft:oak_fence_gate":1,"minecraft:iron_chestplate":1,"minecraft:shield":10,"minecraft:stick":10239,"minecraft:stone_slab":6,"minecraft:chainmail_boots":6,"minecraft:gold_ingot":1,"minecraft:iron_shovel":1,"minecraft:spruce_fence_gate":5,"minecraft:torch":4,"minecraft:diamond_chestplate":2}},"DataVersion":3465}