{"stats":{"minecraft:killed":{"minecraft:cave_spider":4,"minecraft:witch":1,"born_in_chaos_v1:zombie_lumberjack":1,"born_in_chaos_v1:door_knight_not_despawn":1,"minecraft:spider":13,"born_in_chaos_v1:baby_skeleton_minion":7,"minecraft:skeleton":10,"born_in_chaos_v1:supreme_bonescaller_stage_2":1,"born_in_chaos_v1:firelight_not_despawn":1,"minecraft:zombie_villager":1,"minecraft:iron_golem":16,"minecraft:creeper":7,"minecraft:sheep":2,"minecraft:pillager":19,"born_in_chaos_v1:zombie_fisherman":1,"minecraft:zombie":14,"minecraft:stray":6,"minecraft:evoker":1,"minecraft:vex":1,"minecraft:vindicator":9,"born_in_chaos_v1:zombie_bruiser":1,"born_in_chaos_v1:maggot":7,"minecraft:drowned":1,"born_in_chaos_v1:barrel_zombie":2,"born_in_chaos_v1:bone_imp_minion":1,"born_in_chaos_v1:baby_skeleton":4,"minecraft:ravager":4,"born_in_chaos_v1:decrepit_skeleton":5,"born_in_chaos_v1:bloody_gadfly":1,"born_in_chaos_v1:bonescaller_not_despawn":2,"born_in_chaos_v1:dark_vortex":1,"born_in_chaos_v1:decaying_zombie_not_despawn":1},"minecraft:custom":{"minecraft:interact_with_crafting_table":41,"minecraft:open_barrel":36,"minecraft:bell_ring":21,"minecraft:leave_game":2,"minecraft:time_since_death":74278,"minecraft:sprint_one_cm":1318847,"minecraft:damage_blocked_by_shield":225,"minecraft:drop":83,"minecraft:talked_to_villager":91,"minecraft:play_time":353524,"minecraft:deaths":4,"minecraft:jump":7777,"minecraft:walk_on_water_one_cm":79303,"minecraft:interact_with_furnace":10,"minecraft:traded_with_villager":458,"minecraft:sleep_in_bed":6,"minecraft:waystone_activated":1,"minecraft:damage_dealt":32157,"minecraft:crouch_one_cm":98407,"tombstone:undead_killed":59,"minecraft:mob_kills":150,"minecraft:interact_with_anvil":2,"minecraft:inspect_hopper":17,"minecraft:damage_dealt_resisted":1057,"minecraft:climb_one_cm":60500,"minecraft:walk_one_cm":663782,"minecraft:raid_win":1,"minecraft:sneak_time":37431,"minecraft:walk_under_water_one_cm":21647,"minecraft:total_world_time":353687,"tombstone:raider_killed":34,"minecraft:raid_trigger":1,"minecraft:interact_with_stonecutter":1,"minecraft:time_since_rest":71879,"minecraft:damage_taken":5666,"minecraft:damage_absorbed":80,"minecraft:swim_one_cm":70298,"minecraft:fly_one_cm":2227806,"minecraft:open_chest":170,"minecraft:fall_one_cm":203573},"minecraft:dropped":{"minecraft:diamond_axe":1,"minecraft:diamond":1,"minecraft:crossbow":1,"minecraft:emerald":3,"minecraft:dirt":3,"tombstone:bag_of_seeds":1,"minecraft:sand":64,"minecraft:stone_axe":1,"minecraft:wheat":152,"born_in_chaos_v1:ethereal_spirit":1,"minecraft:beetroot":1,"minecraft:rotten_flesh":13,"minecraft:carrot":50,"minecraft:chainmail_chestplate":1,"minecraft:poppy":13,"born_in_chaos_v1:chipped_black_argillite_brick":1,"minecraft:beetroot_seeds":3,"born_in_chaos_v1:corpse_maggot":1,"minecraft:leather_boots":3,"minecraft:chainmail_boots":1,"minecraft:iron_bars":1,"minecraft:arrow":32,"immersiveengineering:seed":6,"minecraft:bread":34,"minecraft:wheat_seeds":11,"minecraft:diamond_leggings":1,"minecraft:cobblestone":19,"minecraft:lead":1,"minecraft:oxeye_daisy":1,"born_in_chaos_v1:river_mint":1,"minecraft:diamond_helmet":1,"tombstone:grave_dust":1,"minecraft:white_banner":2,"minecraft:iron_axe":3,"minecraft:chainmail_leggings":1,"minecraft:iron_shovel":1,"minecraft:paper":3,"minecraft:spruce_sapling":1,"born_in_chaos_v1:rotten_fish":2,"minecraft:iron_hoe":1,"minecraft:stone_slab":5,"minecraft:diamond_sword":1,"minecraft:diamond_chestplate":1,"minecraft:oak_sapling":63,"minecraft:diamond_boots":1,"minecraft:bow":1,"minecraft:stone_pickaxe":3},"minecraft:mined":{"minecraft:white_bed":28,"minecraft:oak_sapling":17,"minecraft:brewing_stand":3,"minecraft:grass_block":20,"minecraft:composter":2,"minecraft:hopper":1,"minecraft:spawner":1,"minecraft:iron_ore":12,"minecraft:fire":5,"minecraft:fletching_table":5,"minecraft:brown_bed":4,"minecraft:water_cauldron":1,"minecraft:iron_bars":1,"minecraft:black_candle":2,"minecraft:red_bed":21,"minecraft:clay":8,"minecraft:torch":6,"minecraft:blast_furnace":3,"minecraft:poppy":2,"minecraft:chest":5,"minecraft:spruce_wall_sign":5,"minecraft:cobblestone":149,"minecraft:grindstone":2,"minecraft:sugar_cane":5,"minecraft:oak_planks":30,"minecraft:damaged_anvil":1,"minecraft:wall_torch":1,"minecraft:spruce_sign":1,"minecraft:birch_sapling":5,"minecraft:skeleton_skull":1,"minecraft:birch_log":10,"born_in_chaos_v1:river_mint":1,"minecraft:grass":140,"minecraft:oak_log":14,"minecraft:beetroots":1,"minecraft:oak_fence_gate":1,"minecraft:sand":65,"minecraft:dirt":30,"minecraft:stonecutter":1,"minecraft:oak_leaves":4,"fantasyfurniture:furniture_station":1,"minecraft:decorated_pot":4,"minecraft:spruce_leaves":7,"born_in_chaos_v1:gnawed_bones":1,"minecraft:hay_block":33,"minecraft:spruce_sapling":7,"minecraft:carrots":1,"minecraft:andesite":113,"minecraft:bell":2,"minecraft:lantern":1,"minecraft:bamboo":4,"minecraft:stone":95,"minecraft:smithing_table":1,"minecraft:scaffolding":21,"minecraft:crafting_table":7,"minecraft:lectern":1,"minecraft:andesite_wall":21,"minecraft:tall_grass":64,"born_in_chaos_v1:chipped_black_argillite_brick":1,"minecraft:coarse_dirt":1,"minecraft:sweet_berry_bush":1,"minecraft:spruce_log":23,"minecraft:yellow_bed":4,"minecraft:coal_ore":104,"minecraft:gravel":88,"minecraft:cobweb":6,"minecraft:spruce_fence_gate":3,"minecraft:fern":1},"minecraft:crafted":{"minecraft:grindstone":1,"minecraft:oak_planks":2136,"fantasyfurniture:furniture_station":1,"minecraft:stone":3,"minecraft:hopper":2,"minecraft:diamond_helmet":2,"minecraft:bow":2,"minecraft:diamond_leggings":2,"minecraft:chest":4,"minecraft:arrow":64,"minecraft:emerald":402,"minecraft:diamond_axe":2,"minecraft:crafting_table":4,"minecraft:spruce_planks":3652,"minecraft:wooden_pickaxe":1,"minecraft:chainmail_chestplate":5,"minecraft:fletching_table":4,"minecraft:birch_planks":384,"minecraft:iron_chestplate":1,"minecraft:shield":10,"minecraft:stick":11791,"minecraft:stone_slab":6,"minecraft:gold_ingot":1,"minecraft:spruce_fence_gate":5,"minecraft:spruce_button":64,"minecraft:furnace":2,"minecraft:bone_meal":84,"minecraft:spruce_fence":3,"minecraft:andesite_wall":24,"minecraft:scaffolding":18,"minecraft:leather":1,"minecraft:iron_axe":14,"minecraft:iron_hoe":1,"minecraft:stone_pickaxe":1,"minecraft:diamond_boots":2,"minecraft:chainmail_leggings":6,"minecraft:wheat":297,"sophisticatedbackpacks:iron_backpack":1,"minecraft:diamond_sword":2,"minecraft:spruce_sign":6,"minecraft:iron_sword":1,"sophisticatedbackpacks:gold_backpack":1,"minecraft:bucket":1,"minecraft:stone_axe":2,"minecraft:bread":64,"minecraft:air":0,"minecraft:oak_fence_gate":1,"minecraft:chainmail_boots":6,"minecraft:iron_shovel":1,"minecraft:torch":12,"minecraft:diamond_chestplate":2},"minecraft:broken":{"minecraft:stone_axe":1,"minecraft:crossbow":1,"minecraft:iron_axe":6,"minecraft:iron_pickaxe":1},"minecraft:picked_up":{"minecraft:wheat":22,"minecraft:chainmail_boots":2,"minecraft:prismarine_shard":4,"minecraft:smithing_table":1,"minecraft:lead":1,"minecraft:oak_stairs":2,"minecraft:brown_bed":4,"minecraft:potion":5,"minecraft:brewing_stand":2,"minecraft:string":23,"minecraft:beetroot":1,"minecraft:iron_pickaxe":1,"born_in_chaos_v1:stimulating_decoction":1,"minecraft:tipped_arrow":4,"minecraft:stick":222,"minecraft:composter":2,"minecraft:torch":9,"tombstone:grave_dust":13,"minecraft:cauldron":1,"fantasyfurniture:furniture_station":1,"minecraft:andesite_wall":16,"minecraft:rotten_flesh":38,"minecraft:iron_bars":1,"alexsmobs:flying_fish":1,"minecraft:cobblestone":239,"minecraft:nautilus_shell":1,"minecraft:birch_log":102,"born_in_chaos_v1:spiritual_dust":3,"minecraft:andesite":110,"minecraft:flint":8,"minecraft:lapis_lazuli":1,"minecraft:dirt":88,"minecraft:leather_boots":2,"minecraft:bone":38,"minecraft:stonecutter":1,"minecraft:wheat_seeds":44,"minecraft:raw_gold":2,"minecraft:bell":2,"minecraft:grindstone":2,"minecraft:fletching_table":5,"minecraft:bamboo":36,"minecraft:oak_planks":30,"minecraft:cooked_porkchop":4,"minecraft:poisonous_potato":2,"minecraft:sand":64,"minecraft:dark_oak_log":2,"minecraft:bundle":1,"croptopia:cherry":2,"minecraft:spruce_fence_gate":2,"born_in_chaos_v1:fire_dust":1,"minecraft:diamond":1,"waystones:waystone":1,"minecraft:crossbow":2,"minecraft:bone_meal":13,"minecraft:golden_apple":2,"minecraft:bread":5,"minecraft:spruce_sign":4,"minecraft:emerald":58,"minecraft:oak_sapling":175,"born_in_chaos_v1:rotten_fish":5,"minecraft:crimson_roots":1,"minecraft:crafting_table":7,"minecraft:clay_ball":43,"born_in_chaos_v1:river_mint":1,"croptopia:peach":10,"born_in_chaos_v1:seedof_chaos":3,"minecraft:brown_mushroom":4,"minecraft:red_bed":21,"minecraft:iron_axe":3,"born_in_chaos_v1:intoxicating_decoction":1,"minecraft:item_frame":3,"born_in_chaos_v1:gnawed_bones":1,"minecraft:poppy":31,"minecraft:lectern":1,"minecraft:sugar_cane":10,"minecraft:chest":5,"minecraft:birch_sapling":16,"minecraft:egg":1,"minecraft:raw_iron":12,"sophisticatedbackpacks:backpack":1,"born_in_chaos_v1:pieceofdarkmetal":6,"minecraft:carrot":109,"minecraft:prismarine_crystals":2,"minecraft:arrow":17,"minecraft:decorated_pot":4,"minecraft:beetroot_seeds":3,"minecraft:hay_block":33,"minecraft:totem_of_undying":2,"minecraft:mutton":3,"minecraft:skeleton_skull":1,"minecraft:white_wool":2,"minecraft:oxeye_daisy":1,"born_in_chaos_v1:corpse_maggot":6,"minecraft:oak_log":534,"minecraft:chainmail_chestplate":1,"minecraft:yellow_bed":4,"minecraft:gunpowder":4,"minecraft:paper":3,"minecraft:white_banner":3,"tombstone:gift":1,"minecraft:cooked_mutton":4,"minecraft:apple":25,"minecraft:cooked_chicken":1,"minecraft:oak_fence_gate":1,"minecraft:iron_ingot":63,"minecraft:stone_pickaxe":2,"born_in_chaos_v1:chipped_black_argillite_brick":2,"tombstone:bag_of_seeds":2,"minecraft:book":1,"minecraft:scaffolding":35,"minecraft:black_candle":5,"croptopia:apricot":11,"minecraft:sweet_berries":2,"born_in_chaos_v1:orbofthe_summoner":1,"born_in_chaos_v1:ethereal_spirit":1,"minecraft:gravel":80,"minecraft:spruce_sapling":121,"minecraft:blast_furnace":5,"minecraft:white_bed":29,"minecraft:spruce_log":1114,"minecraft:spider_eye":3,"minecraft:pumpkin_seeds":4,"minecraft:slime_ball":1,"immersiveengineering:seed":31,"minecraft:chainmail_leggings":1,"croptopia:orange":19,"tombstone:magic_scroll":2,"minecraft:damaged_anvil":1,"minecraft:coal":104,"minecraft:hopper":1},"minecraft:used":{"minecraft:iron_shovel":128,"minecraft:poppy":7,"minecraft:decorated_pot":4,"minecraft:chest":7,"minecraft:shield":5,"minecraft:iron_sword":146,"minecraft:bell":2,"minecraft:carrot":80,"minecraft:milk_bucket":1,"born_in_chaos_v1:corpse_maggot":2,"born_in_chaos_v1:smoked_flesh":3,"minecraft:lava_bucket":15,"minecraft:item_frame":3,"minecraft:bow":157,"minecraft:scaffolding":53,"minecraft:sweet_berries":1,"minecraft:furnace":2,"minecraft:oak_sapling":23,"minecraft:damaged_anvil":1,"minecraft:stone_pickaxe":67,"minecraft:oak_planks":143,"minecraft:wooden_pickaxe":22,"minecraft:composter":2,"minecraft:diamond_axe":24,"minecraft:golden_apple":2,"minecraft:blast_furnace":1,"minecraft:crossbow":2,"croptopia:orange":11,"waystones:waystone":1,"minecraft:bread":37,"minecraft:lectern":1,"minecraft:gravel":78,"minecraft:diamond_sword":135,"minecraft:grindstone":3,"minecraft:smithing_table":1,"minecraft:birch_log":6,"minecraft:andesite":64,"minecraft:air":1,"minecraft:bone_meal":92,"minecraft:cooked_chicken":1,"minecraft:torch":16,"minecraft:dirt":84,"minecraft:hopper":3,"minecraft:spruce_fence":1,"minecraft:oak_fence_gate":2,"minecraft:andesite_wall":55,"minecraft:iron_hoe":13,"minecraft:iron_axe":299,"minecraft:oak_stairs":2,"minecraft:totem_of_undying":1,"tombstone:gift":3,"minecraft:cooked_beef":12,"minecraft:brown_bed":4,"minecraft:cooked_mutton":4,"minecraft:water_bucket":12,"fantasyfurniture:venthyr/desk_left":1,"croptopia:apricot":4,"minecraft:spruce_sign":12,"minecraft:fletching_table":9,"minecraft:stonecutter":1,"minecraft:spruce_fence_gate":7,"minecraft:glow_item_frame":1,"minecraft:vine":4,"minecraft:crafting_table":9,"minecraft:red_bed":21,"croptopia:cherry":2,"minecraft:white_bed":29,"minecraft:spruce_log":9,"minecraft:apple":37,"minecraft:iron_pickaxe":449,"minecraft:map":1,"minecraft:spruce_sapling":33,"minecraft:stone_axe":39,"fantasyfurniture:furniture_station":2,"minecraft:cobblestone":157,"minecraft:cooked_porkchop":4,"minecraft:bucket":27,"minecraft:yellow_bed":4,"minecraft:pumpkin_pie":3}},"DataVersion":3465}