{"stats":{"minecraft:dropped":{"minecraft:bread":21,"minecraft:wheat_seeds":10,"minecraft:cobblestone":19,"minecraft:lead":1,"minecraft:emerald":3,"minecraft:oxeye_daisy":1,"minecraft:dirt":3,"born_in_chaos_v1:river_mint":1,"minecraft:iron_axe":3,"minecraft:sand":64,"minecraft:chainmail_leggings":1,"minecraft:paper":3,"minecraft:stone_axe":1,"minecraft:wheat":54,"born_in_chaos_v1:ethereal_spirit":1,"minecraft:beetroot":1,"minecraft:rotten_flesh":1,"minecraft:stone_slab":5,"minecraft:chainmail_chestplate":1,"minecraft:poppy":3,"born_in_chaos_v1:chipped_black_argillite_brick":1,"minecraft:beetroot_seeds":3,"minecraft:leather_boots":3,"minecraft:oak_sapling":63,"minecraft:chainmail_boots":1,"minecraft:arrow":32,"minecraft:bow":1,"immersiveengineering:seed":5},"minecraft:picked_up":{"minecraft:crafting_table":2,"minecraft:chainmail_boots":2,"born_in_chaos_v1:river_mint":1,"croptopia:peach":10,"minecraft:smithing_table":1,"minecraft:brown_mushroom":4,"minecraft:lead":1,"minecraft:oak_stairs":2,"minecraft:brown_bed":3,"minecraft:red_bed":3,"minecraft:iron_axe":2,"minecraft:beetroot":1,"minecraft:poppy":13,"minecraft:iron_pickaxe":1,"minecraft:lectern":1,"minecraft:sugar_cane":10,"minecraft:chest":5,"minecraft:birch_sapling":16,"minecraft:egg":1,"minecraft:stick":121,"minecraft:raw_iron":12,"minecraft:composter":2,"sophisticatedbackpacks:backpack":1,"minecraft:torch":9,"minecraft:carrot":10,"minecraft:arrow":1,"minecraft:rotten_flesh":3,"minecraft:decorated_pot":1,"minecraft:beetroot_seeds":3,"minecraft:hay_block":28,"minecraft:mutton":3,"minecraft:cobblestone":80,"minecraft:white_wool":2,"minecraft:oxeye_daisy":1,"minecraft:nautilus_shell":1,"minecraft:birch_log":102,"born_in_chaos_v1:corpse_maggot":2,"minecraft:andesite":1,"minecraft:flint":8,"minecraft:oak_log":534,"minecraft:chainmail_chestplate":1,"minecraft:yellow_bed":2,"minecraft:paper":3,"minecraft:dirt":24,"minecraft:leather_boots":2,"minecraft:bone":4,"minecraft:apple":25,"minecraft:stonecutter":1,"minecraft:grindstone":1,"minecraft:wheat_seeds":19,"minecraft:bell":2,"minecraft:oak_fence_gate":1,"minecraft:iron_ingot":30,"born_in_chaos_v1:chipped_black_argillite_brick":2,"minecraft:oak_planks":30,"croptopia:apricot":11,"minecraft:sweet_berries":2,"born_in_chaos_v1:ethereal_spirit":1,"minecraft:gravel":80,"minecraft:sand":64,"minecraft:spruce_sapling":4,"minecraft:blast_furnace":2,"minecraft:spruce_log":17,"minecraft:white_bed":8,"minecraft:spider_eye":1,"croptopia:cherry":2,"minecraft:pumpkin_seeds":4,"born_in_chaos_v1:fire_dust":1,"immersiveengineering:seed":13,"waystones:waystone":1,"minecraft:chainmail_leggings":1,"croptopia:orange":19,"minecraft:bone_meal":9,"minecraft:emerald":55,"minecraft:oak_sapling":175,"minecraft:damaged_anvil":1,"minecraft:coal":104,"minecraft:crimson_roots":1},"minecraft:custom":{"minecraft:mob_kills":24,"minecraft:inspect_hopper":7,"minecraft:interact_with_crafting_table":22,"minecraft:open_barrel":14,"minecraft:bell_ring":21,"minecraft:damage_dealt_resisted":6,"minecraft:leave_game":1,"minecraft:time_since_death":140949,"minecraft:sprint_one_cm":730607,"minecraft:walk_one_cm":260142,"minecraft:drop":43,"minecraft:talked_to_villager":33,"minecraft:play_time":174124,"minecraft:deaths":3,"minecraft:sneak_time":15698,"minecraft:walk_under_water_one_cm":4888,"minecraft:jump":3940,"minecraft:walk_on_water_one_cm":5574,"minecraft:total_world_time":174287,"minecraft:interact_with_furnace":8,"minecraft:traded_with_villager":193,"minecraft:sleep_in_bed":4,"minecraft:time_since_rest":1008,"minecraft:waystone_activated":1,"minecraft:damage_taken":1402,"minecraft:damage_dealt":10752,"minecraft:swim_one_cm":50869,"minecraft:fly_one_cm":1334969,"minecraft:open_chest":61,"minecraft:crouch_one_cm":40825,"tombstone:undead_killed":8,"minecraft:fall_one_cm":115631},"minecraft:used":{"minecraft:iron_shovel":67,"minecraft:poppy":5,"minecraft:decorated_pot":1,"minecraft:chest":6,"minecraft:bell":2,"minecraft:torch":9,"minecraft:dirt":1,"minecraft:hopper":1,"minecraft:carrot":7,"minecraft:oak_fence_gate":2,"born_in_chaos_v1:corpse_maggot":2,"minecraft:iron_hoe":13,"minecraft:lava_bucket":11,"minecraft:iron_axe":248,"minecraft:oak_stairs":2,"minecraft:sweet_berries":1,"minecraft:oak_sapling":23,"minecraft:furnace":2,"minecraft:cooked_beef":2,"minecraft:brown_bed":3,"minecraft:water_bucket":8,"minecraft:stone_pickaxe":25,"minecraft:oak_planks":143,"croptopia:apricot":4,"minecraft:wooden_pickaxe":22,"minecraft:composter":1,"minecraft:stonecutter":1,"minecraft:fletching_table":4,"minecraft:red_bed":1,"minecraft:crafting_table":4,"croptopia:cherry":2,"minecraft:white_bed":8,"croptopia:orange":11,"waystones:waystone":1,"minecraft:apple":35,"minecraft:bread":21,"minecraft:iron_pickaxe":177,"minecraft:lectern":1,"minecraft:gravel":78,"minecraft:stone_axe":39,"minecraft:cobblestone":14,"minecraft:grindstone":1,"minecraft:bucket":20,"minecraft:birch_log":6,"minecraft:pumpkin_pie":3,"minecraft:yellow_bed":2,"minecraft:bone_meal":9},"minecraft:broken":{"minecraft:iron_axe":3,"minecraft:stone_axe":1},"minecraft:killed":{"born_in_chaos_v1:door_knight_not_despawn":1,"minecraft:spider":1,"born_in_chaos_v1:maggot":1,"minecraft:skeleton":1,"minecraft:drowned":1,"born_in_chaos_v1:firelight_not_despawn":1,"born_in_chaos_v1:baby_skeleton":1,"minecraft:iron_golem":9,"born_in_chaos_v1:decrepit_skeleton":3,"minecraft:sheep":2,"born_in_chaos_v1:bloody_gadfly":1,"born_in_chaos_v1:decaying_zombie_not_despawn":1},"minecraft:mined":{"minecraft:white_bed":7,"minecraft:oak_sapling":17,"minecraft:grass_block":3,"minecraft:decorated_pot":1,"minecraft:composter":2,"minecraft:hay_block":28,"minecraft:iron_ore":12,"minecraft:fire":2,"minecraft:andesite":1,"minecraft:brown_bed":3,"minecraft:bell":2,"minecraft:lantern":1,"minecraft:stone":71,"minecraft:smithing_table":1,"minecraft:red_bed":3,"minecraft:crafting_table":2,"minecraft:torch":6,"minecraft:blast_furnace":2,"minecraft:chest":5,"minecraft:lectern":1,"minecraft:tall_grass":42,"minecraft:cobblestone":9,"born_in_chaos_v1:chipped_black_argillite_brick":1,"minecraft:grindstone":1,"minecraft:sugar_cane":5,"minecraft:oak_planks":30,"minecraft:damaged_anvil":1,"minecraft:wall_torch":1,"minecraft:birch_sapling":5,"minecraft:birch_log":10,"minecraft:sweet_berry_bush":1,"minecraft:spruce_log":1,"born_in_chaos_v1:river_mint":1,"minecraft:yellow_bed":2,"minecraft:grass":40,"minecraft:oak_log":14,"minecraft:coal_ore":104,"minecraft:beetroots":1,"minecraft:oak_fence_gate":1,"minecraft:gravel":88,"minecraft:sand":65,"minecraft:dirt":1,"minecraft:stonecutter":1,"minecraft:oak_leaves":4,"minecraft:fern":1},"minecraft:crafted":{"minecraft:grindstone":1,"minecraft:oak_planks":2136,"minecraft:furnace":2,"minecraft:stone":3,"minecraft:hopper":1,"minecraft:bow":2,"minecraft:diamond_helmet":1,"minecraft:diamond_leggings":1,"minecraft:iron_axe":5,"minecraft:iron_hoe":1,"minecraft:stone_pickaxe":1,"minecraft:chest":2,"minecraft:diamond_boots":1,"minecraft:chainmail_leggings":6,"minecraft:wheat":198,"minecraft:arrow":64,"minecraft:emerald":155,"minecraft:crafting_table":2,"minecraft:wooden_pickaxe":1,"minecraft:chainmail_chestplate":5,"minecraft:fletching_table":4,"minecraft:birch_planks":384,"minecraft:bucket":1,"minecraft:stone_axe":2,"minecraft:bread":42,"minecraft:air":0,"minecraft:oak_fence_gate":1,"minecraft:iron_chestplate":1,"minecraft:shield":10,"minecraft:stick":4684,"minecraft:stone_slab":6,"minecraft:chainmail_boots":6,"minecraft:iron_shovel":1,"minecraft:torch":4,"minecraft:diamond_chestplate":1}},"DataVersion":3465}