{"stats":{"minecraft:used":{"minecraft:iron_shovel":67,"minecraft:poppy":5,"minecraft:chest":6,"minecraft:bell":2,"minecraft:torch":9,"minecraft:hopper":1,"minecraft:carrot":7,"minecraft:oak_fence_gate":2,"minecraft:iron_hoe":1,"minecraft:iron_axe":208,"minecraft:oak_stairs":2,"minecraft:furnace":2,"minecraft:oak_sapling":23,"minecraft:brown_bed":3,"minecraft:water_bucket":1,"minecraft:stone_pickaxe":16,"minecraft:oak_planks":143,"croptopia:apricot":4,"minecraft:wooden_pickaxe":22,"minecraft:composter":1,"minecraft:fletching_table":4,"minecraft:stonecutter":1,"minecraft:crafting_table":4,"croptopia:cherry":2,"minecraft:white_bed":8,"croptopia:orange":11,"waystones:waystone":1,"minecraft:apple":12,"minecraft:bread":21,"minecraft:iron_pickaxe":164,"minecraft:lectern":1,"minecraft:gravel":78,"minecraft:stone_axe":39,"minecraft:cobblestone":8,"minecraft:grindstone":1,"minecraft:bucket":1,"minecraft:birch_log":6,"minecraft:yellow_bed":2,"minecraft:pumpkin_pie":3,"minecraft:bone_meal":8},"minecraft:killed":{"minecraft:spider":1,"minecraft:skeleton":1,"minecraft:iron_golem":7,"born_in_chaos_v1:decrepit_skeleton":2,"minecraft:sheep":2,"born_in_chaos_v1:decaying_zombie_not_despawn":1},"minecraft:crafted":{"minecraft:grindstone":1,"minecraft:oak_planks":2136,"minecraft:furnace":2,"minecraft:stone":3,"minecraft:hopper":1,"minecraft:diamond_helmet":1,"minecraft:diamond_leggings":1,"minecraft:bow":2,"minecraft:iron_axe":4,"minecraft:iron_hoe":1,"minecraft:stone_pickaxe":1,"minecraft:chest":2,"minecraft:diamond_boots":1,"minecraft:chainmail_leggings":6,"minecraft:wheat":144,"minecraft:arrow":64,"minecraft:emerald":155,"minecraft:crafting_table":2,"minecraft:wooden_pickaxe":1,"minecraft:chainmail_chestplate":5,"minecraft:fletching_table":4,"minecraft:bucket":1,"minecraft:birch_planks":384,"minecraft:stone_axe":2,"minecraft:bread":42,"minecraft:air":0,"minecraft:oak_fence_gate":1,"minecraft:iron_chestplate":1,"minecraft:shield":10,"minecraft:stick":4684,"minecraft:stone_slab":6,"minecraft:chainmail_boots":6,"minecraft:iron_shovel":1,"minecraft:torch":4,"minecraft:diamond_chestplate":1},"minecraft:broken":{"minecraft:iron_axe":3,"minecraft:stone_axe":1},"minecraft:dropped":{"minecraft:bread":21,"minecraft:wheat_seeds":10,"minecraft:oxeye_daisy":1,"born_in_chaos_v1:river_mint":1,"minecraft:sand":64,"minecraft:iron_axe":3,"minecraft:chainmail_leggings":1,"minecraft:stone_axe":1,"born_in_chaos_v1:ethereal_spirit":1,"minecraft:beetroot":1,"minecraft:chainmail_chestplate":1,"minecraft:poppy":3,"minecraft:beetroot_seeds":3,"minecraft:oak_sapling":63,"minecraft:chainmail_boots":1,"minecraft:arrow":32,"minecraft:bow":1,"immersiveengineering:seed":5},"minecraft:picked_up":{"minecraft:crafting_table":2,"minecraft:chainmail_boots":2,"born_in_chaos_v1:river_mint":1,"croptopia:peach":10,"minecraft:brown_mushroom":4,"minecraft:oak_stairs":2,"minecraft:brown_bed":3,"minecraft:iron_axe":2,"minecraft:beetroot":1,"minecraft:poppy":12,"minecraft:iron_pickaxe":1,"minecraft:lectern":1,"minecraft:sugar_cane":10,"minecraft:chest":5,"minecraft:birch_sapling":16,"minecraft:egg":1,"minecraft:stick":119,"minecraft:raw_iron":12,"minecraft:composter":2,"minecraft:torch":9,"minecraft:carrot":9,"minecraft:arrow":1,"minecraft:decorated_pot":1,"minecraft:beetroot_seeds":3,"minecraft:hay_block":16,"minecraft:mutton":3,"minecraft:white_wool":2,"minecraft:cobblestone":74,"minecraft:oxeye_daisy":1,"minecraft:birch_log":102,"minecraft:flint":8,"minecraft:oak_log":534,"minecraft:chainmail_chestplate":1,"minecraft:yellow_bed":2,"minecraft:dirt":3,"minecraft:bone":1,"minecraft:apple":25,"minecraft:stonecutter":1,"minecraft:wheat_seeds":17,"minecraft:bell":2,"minecraft:oak_fence_gate":1,"minecraft:iron_ingot":23,"minecraft:oak_planks":30,"croptopia:apricot":11,"minecraft:sweet_berries":2,"born_in_chaos_v1:ethereal_spirit":1,"minecraft:gravel":80,"minecraft:sand":64,"minecraft:white_bed":8,"minecraft:spider_eye":1,"croptopia:cherry":2,"minecraft:pumpkin_seeds":4,"immersiveengineering:seed":11,"waystones:waystone":1,"minecraft:chainmail_leggings":1,"croptopia:orange":19,"minecraft:bone_meal":8,"minecraft:emerald":52,"minecraft:oak_sapling":175,"minecraft:coal":97},"minecraft:mined":{"minecraft:white_bed":7,"minecraft:oak_sapling":17,"minecraft:grass_block":2,"minecraft:decorated_pot":1,"minecraft:composter":2,"minecraft:hay_block":16,"minecraft:iron_ore":12,"minecraft:brown_bed":3,"minecraft:bell":2,"minecraft:lantern":1,"minecraft:stone":71,"minecraft:crafting_table":2,"minecraft:torch":6,"minecraft:chest":5,"minecraft:lectern":1,"minecraft:cobblestone":3,"minecraft:tall_grass":41,"minecraft:sugar_cane":5,"minecraft:oak_planks":30,"minecraft:wall_torch":1,"minecraft:birch_sapling":5,"minecraft:birch_log":10,"minecraft:sweet_berry_bush":1,"born_in_chaos_v1:river_mint":1,"minecraft:yellow_bed":2,"minecraft:grass":38,"minecraft:oak_log":14,"minecraft:coal_ore":97,"minecraft:beetroots":1,"minecraft:oak_fence_gate":1,"minecraft:gravel":88,"minecraft:sand":65,"minecraft:dirt":1,"minecraft:stonecutter":1,"minecraft:oak_leaves":4,"minecraft:fern":1},"minecraft:custom":{"minecraft:mob_kills":15,"minecraft:inspect_hopper":6,"minecraft:interact_with_crafting_table":21,"minecraft:open_barrel":12,"minecraft:bell_ring":21,"minecraft:leave_game":1,"minecraft:time_since_death":106843,"minecraft:sprint_one_cm":566813,"minecraft:walk_one_cm":218066,"minecraft:drop":29,"minecraft:talked_to_villager":33,"minecraft:play_time":140018,"minecraft:deaths":3,"minecraft:sneak_time":14054,"minecraft:walk_under_water_one_cm":1056,"minecraft:jump":2994,"minecraft:walk_on_water_one_cm":2476,"minecraft:total_world_time":140181,"minecraft:interact_with_furnace":8,"minecraft:traded_with_villager":193,"minecraft:sleep_in_bed":2,"minecraft:time_since_rest":76418,"minecraft:waystone_activated":1,"minecraft:damage_taken":879,"minecraft:damage_dealt":7591,"minecraft:fly_one_cm":1091322,"minecraft:swim_one_cm":15716,"minecraft:open_chest":48,"minecraft:crouch_one_cm":38050,"tombstone:undead_killed":4,"minecraft:fall_one_cm":84495}},"DataVersion":3465}