{"stats":{"minecraft:dropped":{"minecraft:bread":21,"minecraft:wheat_seeds":10,"minecraft:lead":1,"minecraft:emerald":3,"minecraft:oxeye_daisy":1,"born_in_chaos_v1:river_mint":1,"minecraft:iron_axe":3,"minecraft:sand":64,"minecraft:chainmail_leggings":1,"minecraft:paper":3,"minecraft:stone_axe":1,"born_in_chaos_v1:ethereal_spirit":1,"minecraft:beetroot":1,"minecraft:rotten_flesh":1,"minecraft:chainmail_chestplate":1,"minecraft:poppy":3,"born_in_chaos_v1:chipped_black_argillite_brick":1,"minecraft:beetroot_seeds":3,"minecraft:leather_boots":1,"minecraft:oak_sapling":63,"minecraft:chainmail_boots":1,"minecraft:arrow":32,"minecraft:bow":1,"immersiveengineering:seed":5},"minecraft:picked_up":{"minecraft:crafting_table":2,"minecraft:chainmail_boots":2,"born_in_chaos_v1:river_mint":1,"croptopia:peach":10,"minecraft:smithing_table":1,"minecraft:brown_mushroom":4,"minecraft:lead":1,"minecraft:oak_stairs":2,"minecraft:brown_bed":3,"minecraft:red_bed":3,"minecraft:iron_axe":2,"minecraft:beetroot":1,"minecraft:poppy":13,"minecraft:iron_pickaxe":1,"minecraft:lectern":1,"minecraft:sugar_cane":10,"minecraft:chest":5,"minecraft:birch_sapling":16,"minecraft:egg":1,"minecraft:stick":119,"minecraft:raw_iron":12,"minecraft:composter":2,"sophisticatedbackpacks:backpack":1,"minecraft:torch":9,"minecraft:carrot":10,"minecraft:arrow":1,"minecraft:rotten_flesh":3,"minecraft:decorated_pot":1,"minecraft:beetroot_seeds":3,"minecraft:hay_block":16,"minecraft:mutton":3,"minecraft:cobblestone":80,"minecraft:white_wool":2,"minecraft:oxeye_daisy":1,"minecraft:nautilus_shell":1,"minecraft:birch_log":102,"minecraft:andesite":1,"minecraft:flint":8,"minecraft:oak_log":534,"minecraft:chainmail_chestplate":1,"minecraft:yellow_bed":2,"minecraft:paper":3,"minecraft:dirt":3,"minecraft:leather_boots":1,"minecraft:bone":1,"minecraft:apple":25,"minecraft:stonecutter":1,"minecraft:grindstone":1,"minecraft:wheat_seeds":17,"minecraft:bell":2,"minecraft:oak_fence_gate":1,"minecraft:iron_ingot":30,"born_in_chaos_v1:chipped_black_argillite_brick":2,"minecraft:oak_planks":30,"croptopia:apricot":11,"minecraft:sweet_berries":2,"born_in_chaos_v1:ethereal_spirit":1,"minecraft:gravel":80,"minecraft:sand":64,"minecraft:blast_furnace":2,"minecraft:white_bed":8,"minecraft:spider_eye":1,"croptopia:cherry":2,"minecraft:pumpkin_seeds":4,"born_in_chaos_v1:fire_dust":1,"immersiveengineering:seed":13,"waystones:waystone":1,"minecraft:chainmail_leggings":1,"croptopia:orange":19,"minecraft:bone_meal":9,"minecraft:emerald":55,"minecraft:oak_sapling":175,"minecraft:damaged_anvil":1,"minecraft:coal":104,"minecraft:crimson_roots":1},"minecraft:custom":{"minecraft:mob_kills":21,"minecraft:inspect_hopper":7,"minecraft:interact_with_crafting_table":22,"minecraft:open_barrel":13,"minecraft:bell_ring":21,"minecraft:damage_dealt_resisted":6,"minecraft:leave_game":1,"minecraft:time_since_death":128949,"minecraft:sprint_one_cm":668361,"minecraft:walk_one_cm":244593,"minecraft:drop":37,"minecraft:talked_to_villager":33,"minecraft:play_time":162124,"minecraft:deaths":3,"minecraft:sneak_time":15524,"minecraft:walk_under_water_one_cm":3550,"minecraft:jump":3479,"minecraft:walk_on_water_one_cm":4969,"minecraft:total_world_time":162287,"minecraft:interact_with_furnace":8,"minecraft:traded_with_villager":193,"minecraft:sleep_in_bed":3,"minecraft:time_since_rest":19073,"minecraft:waystone_activated":1,"minecraft:damage_taken":1122,"minecraft:damage_dealt":10302,"minecraft:swim_one_cm":29035,"minecraft:fly_one_cm":1211486,"minecraft:open_chest":59,"minecraft:crouch_one_cm":40357,"tombstone:undead_killed":6,"minecraft:fall_one_cm":96785},"minecraft:used":{"minecraft:iron_shovel":67,"minecraft:poppy":5,"minecraft:decorated_pot":1,"minecraft:chest":6,"minecraft:bell":2,"minecraft:torch":9,"minecraft:hopper":1,"minecraft:carrot":7,"minecraft:oak_fence_gate":2,"minecraft:iron_hoe":1,"minecraft:lava_bucket":11,"minecraft:iron_axe":239,"minecraft:oak_stairs":2,"minecraft:oak_sapling":23,"minecraft:furnace":2,"minecraft:brown_bed":3,"minecraft:water_bucket":5,"minecraft:stone_pickaxe":25,"minecraft:oak_planks":143,"croptopia:apricot":4,"minecraft:wooden_pickaxe":22,"minecraft:composter":1,"minecraft:stonecutter":1,"minecraft:fletching_table":4,"minecraft:crafting_table":4,"croptopia:cherry":2,"minecraft:white_bed":8,"croptopia:orange":11,"waystones:waystone":1,"minecraft:apple":24,"minecraft:bread":21,"minecraft:iron_pickaxe":177,"minecraft:lectern":1,"minecraft:gravel":78,"minecraft:stone_axe":39,"minecraft:cobblestone":14,"minecraft:grindstone":1,"minecraft:bucket":17,"minecraft:birch_log":6,"minecraft:pumpkin_pie":3,"minecraft:yellow_bed":2,"minecraft:bone_meal":9},"minecraft:broken":{"minecraft:iron_axe":3,"minecraft:stone_axe":1},"minecraft:killed":{"born_in_chaos_v1:door_knight_not_despawn":1,"minecraft:spider":1,"born_in_chaos_v1:maggot":1,"minecraft:skeleton":1,"minecraft:drowned":1,"born_in_chaos_v1:firelight_not_despawn":1,"minecraft:iron_golem":9,"born_in_chaos_v1:decrepit_skeleton":2,"minecraft:sheep":2,"born_in_chaos_v1:decaying_zombie_not_despawn":1},"minecraft:mined":{"minecraft:white_bed":7,"minecraft:oak_sapling":17,"minecraft:grass_block":2,"minecraft:decorated_pot":1,"minecraft:composter":2,"minecraft:hay_block":16,"minecraft:iron_ore":12,"minecraft:fire":2,"minecraft:andesite":1,"minecraft:brown_bed":3,"minecraft:bell":2,"minecraft:lantern":1,"minecraft:stone":71,"minecraft:smithing_table":1,"minecraft:red_bed":3,"minecraft:crafting_table":2,"minecraft:torch":6,"minecraft:blast_furnace":2,"minecraft:chest":5,"minecraft:lectern":1,"minecraft:tall_grass":41,"minecraft:cobblestone":9,"born_in_chaos_v1:chipped_black_argillite_brick":1,"minecraft:grindstone":1,"minecraft:sugar_cane":5,"minecraft:oak_planks":30,"minecraft:damaged_anvil":1,"minecraft:wall_torch":1,"minecraft:birch_sapling":5,"minecraft:birch_log":10,"minecraft:sweet_berry_bush":1,"born_in_chaos_v1:river_mint":1,"minecraft:yellow_bed":2,"minecraft:grass":40,"minecraft:oak_log":14,"minecraft:coal_ore":104,"minecraft:beetroots":1,"minecraft:oak_fence_gate":1,"minecraft:gravel":88,"minecraft:sand":65,"minecraft:dirt":1,"minecraft:stonecutter":1,"minecraft:oak_leaves":4,"minecraft:fern":1},"minecraft:crafted":{"minecraft:grindstone":1,"minecraft:oak_planks":2136,"minecraft:furnace":2,"minecraft:stone":3,"minecraft:hopper":1,"minecraft:bow":2,"minecraft:diamond_helmet":1,"minecraft:diamond_leggings":1,"minecraft:iron_axe":5,"minecraft:iron_hoe":1,"minecraft:stone_pickaxe":1,"minecraft:chest":2,"minecraft:diamond_boots":1,"minecraft:chainmail_leggings":6,"minecraft:wheat":144,"minecraft:arrow":64,"minecraft:emerald":155,"minecraft:crafting_table":2,"minecraft:wooden_pickaxe":1,"minecraft:chainmail_chestplate":5,"minecraft:fletching_table":4,"minecraft:birch_planks":384,"minecraft:bucket":1,"minecraft:stone_axe":2,"minecraft:bread":42,"minecraft:air":0,"minecraft:oak_fence_gate":1,"minecraft:iron_chestplate":1,"minecraft:shield":10,"minecraft:stick":4684,"minecraft:stone_slab":6,"minecraft:chainmail_boots":6,"minecraft:iron_shovel":1,"minecraft:torch":4,"minecraft:diamond_chestplate":1}},"DataVersion":3465}