{"stats":{"minecraft:used":{"minecraft:oak_fence":2,"minecraft:iron_shovel":32,"minecraft:carved_pumpkin":1,"minecraft:stone_shovel":142,"minecraft:chest":2,"minecraft:netherrack":3,"minecraft:oak_door":1,"minecraft:torch":8,"minecraft:dirt":1,"minecraft:bookshelf":4,"minecraft:iron_axe":304,"minecraft:oak_stairs":10,"minecraft:furnace":3,"minecraft:oak_sapling":11,"tombstone:gift":3,"minecraft:egg":3,"minecraft:golden_axe":21,"born_in_chaos_v1:trident_hayfork":4,"minecraft:oak_planks":184,"minecraft:white_wool":6,"minecraft:oak_slab":89,"minecraft:crafting_table":3,"minecraft:blast_furnace":1,"minecraft:white_bed":7,"minecraft:oak_log":205,"minecraft:apple":1,"minecraft:bread":24,"minecraft:iron_pickaxe":261,"born_in_chaos_v1:marigolds":2,"minecraft:stone_axe":51,"minecraft:cobblestone":144},"minecraft:killed":{"born_in_chaos_v1:pumpkin_spirit":1,"born_in_chaos_v1:door_knight_not_despawn":1,"born_in_chaos_v1:zombie_clown_not_despawn":1,"minecraft:zombie_horse":1,"minecraft:horse":3,"minecraft:chicken":3,"minecraft:pig":3,"minecraft:iron_golem":5,"minecraft:sheep":6},"minecraft:crafted":{"minecraft:oak_planks":256,"minecraft:smooth_stone":3,"minecraft:stone_shovel":1,"minecraft:furnace":2,"minecraft:blast_furnace":1,"minecraft:stone":3,"minecraft:iron_axe":2,"minecraft:chest":1,"minecraft:wheat":9,"minecraft:oak_slab":90,"minecraft:crafting_table":1,"minecraft:air":0,"minecraft:bread":12,"minecraft:stick":12,"minecraft:iron_pickaxe":3,"minecraft:iron_shovel":1,"minecraft:white_bed":2,"minecraft:torch":8},"minecraft:broken":{"minecraft:iron_axe":2,"minecraft:stone_axe":1,"minecraft:iron_pickaxe":1,"minecraft:stone_shovel":1},"minecraft:dropped":{"minecraft:wheat_seeds":6,"minecraft:cobblestone":1,"minecraft:book":3,"minecraft:stick":33,"minecraft:oxeye_daisy":2,"minecraft:dirt":7,"tombstone:grave_key":1,"minecraft:iron_axe":1,"minecraft:iron_pickaxe":1,"minecraft:chainmail_leggings":1,"minecraft:dandelion":5,"born_in_chaos_v1:ethereal_spirit":1,"minecraft:stone_shovel":1,"minecraft:rotten_flesh":13,"croptopia:cherry":1,"minecraft:white_bed":1,"minecraft:chainmail_chestplate":1,"minecraft:poppy":1,"minecraft:oak_sapling":68,"minecraft:chainmail_boots":1,"immersiveengineering:seed":8},"minecraft:picked_up":{"minecraft:crafting_table":2,"minecraft:wheat":37,"born_in_chaos_v1:river_mint":14,"minecraft:chainmail_boots":1,"minecraft:chicken":3,"minecraft:brown_mushroom":4,"minecraft:oak_stairs":35,"minecraft:gold_block":1,"minecraft:iron_axe":2,"minecraft:spruce_planks":4,"minecraft:poppy":6,"born_in_chaos_v1:stimulating_decoction":2,"minecraft:chest":1,"minecraft:furnace":2,"minecraft:egg":3,"minecraft:stick":75,"minecraft:oak_door":2,"minecraft:oak_fence":3,"minecraft:torch":9,"minecraft:porkchop":8,"tombstone:grave_dust":2,"minecraft:arrow":32,"minecraft:rotten_flesh":13,"minecraft:stone_shovel":1,"minecraft:hay_block":1,"minecraft:carved_pumpkin":2,"minecraft:bookshelf":4,"born_in_chaos_v1:trident_hayfork":1,"minecraft:mutton":11,"minecraft:cobblestone":180,"minecraft:white_wool":12,"minecraft:oxeye_daisy":2,"minecraft:feather":3,"minecraft:leather":2,"minecraft:oak_log":269,"minecraft:chainmail_chestplate":1,"minecraft:dirt":165,"born_in_chaos_v1:marigolds":2,"minecraft:bone":2,"minecraft:apple":6,"minecraft:bow":1,"minecraft:wheat_seeds":139,"minecraft:iron_ingot":22,"minecraft:oak_planks":129,"croptopia:lime":6,"minecraft:oak_slab":1,"croptopia:apricot":12,"born_in_chaos_v1:ethereal_spirit":2,"minecraft:dandelion":5,"minecraft:sand":64,"immersiveengineering:raw_aluminum":13,"minecraft:white_bed":6,"minecraft:barrel":5,"minecraft:mossy_cobblestone":9,"croptopia:cherry":1,"minecraft:pumpkin_seeds":22,"immersiveengineering:seed":58,"minecraft:stone_axe":1,"minecraft:chainmail_leggings":1,"minecraft:bread":21,"minecraft:oak_sapling":83,"minecraft:netherrack":4,"minecraft:coal":53},"minecraft:killed_by":{"minecraft:iron_golem":1},"minecraft:mined":{"minecraft:spruce_planks":4,"minecraft:white_bed":6,"minecraft:oak_sapling":14,"minecraft:mossy_cobblestone":9,"minecraft:oak_door":2,"minecraft:carved_pumpkin":1,"minecraft:grass_block":159,"minecraft:spawner":3,"minecraft:furnace":2,"minecraft:barrel":5,"minecraft:andesite":1,"minecraft:gold_block":1,"minecraft:bookshelf":4,"minecraft:oak_stairs":37,"minecraft:stone":147,"minecraft:white_wool":6,"immersiveengineering:ore_aluminum":13,"minecraft:oak_slab":1,"minecraft:glass_pane":4,"born_in_chaos_v1:marigolds":2,"minecraft:dandelion":1,"minecraft:oak_fence":3,"minecraft:crafting_table":2,"minecraft:chest":1,"minecraft:tall_grass":85,"minecraft:cobblestone":33,"minecraft:oak_planks":129,"minecraft:wall_torch":4,"born_in_chaos_v1:river_mint":14,"minecraft:grass":308,"minecraft:coal_ore":43,"minecraft:oak_log":53,"minecraft:dirt":6,"minecraft:netherrack":4,"minecraft:oak_leaves":1},"minecraft:custom":{"minecraft:mob_kills":24,"minecraft:interact_with_crafting_table":19,"minecraft:open_barrel":10,"minecraft:leave_game":7,"minecraft:time_since_death":75449,"minecraft:sprint_one_cm":283186,"minecraft:walk_one_cm":463248,"minecraft:drop":36,"minecraft:talked_to_villager":2,"minecraft:play_time":124788,"minecraft:deaths":2,"minecraft:sneak_time":3647,"minecraft:walk_under_water_one_cm":423,"minecraft:jump":1748,"minecraft:walk_on_water_one_cm":819,"minecraft:total_world_time":124788,"minecraft:interact_with_furnace":6,"minecraft:interact_with_stonecutter":1,"minecraft:sleep_in_bed":7,"minecraft:time_since_rest":11303,"minecraft:waystone_activated":1,"minecraft:damage_taken":1091,"minecraft:damage_dealt":8494,"minecraft:swim_one_cm":7069,"minecraft:fly_one_cm":272243,"minecraft:open_chest":34,"minecraft:crouch_one_cm":8166,"tombstone:undead_killed":3,"minecraft:fall_one_cm":40845}},"DataVersion":3465}