{"stats":{"minecraft:killed":{"minecraft:evoker":3,"minecraft:cave_spider":1,"minecraft:witch":3,"born_in_chaos_v1:door_knight_not_despawn":1,"born_in_chaos_v1:zombie_clown_not_despawn":1,"born_in_chaos_v1:pumpkin_spirit":1,"minecraft:vindicator":7,"minecraft:spider":2,"minecraft:zombie_horse":1,"born_in_chaos_v1:baby_skeleton_minion":1,"born_in_chaos_v1:maggot":4,"minecraft:horse":3,"minecraft:skeleton":2,"minecraft:chicken":3,"minecraft:pig":3,"born_in_chaos_v1:bone_imp_minion":6,"born_in_chaos_v1:glutton_fish":1,"minecraft:iron_golem":7,"minecraft:sheep":6,"born_in_chaos_v1:bloody_gadfly":1,"minecraft:pillager":10,"minecraft:zombie":3,"minecraft:stray":1,"born_in_chaos_v1:dark_vortex":1,"alexsmobs:fly":1,"minecraft:vex":11},"minecraft:dropped":{"minecraft:wheat_seeds":8,"minecraft:mourner_pottery_sherd":1,"minecraft:diamond":1,"minecraft:cooked_porkchop":4,"minecraft:crossbow":1,"minecraft:cobblestone":1,"minecraft:book":3,"minecraft:golden_apple":2,"minecraft:stick":33,"minecraft:oxeye_daisy":2,"minecraft:dirt":7,"tombstone:grave_key":1,"born_in_chaos_v1:trident_hayfork":1,"minecraft:iron_axe":1,"minecraft:iron_pickaxe":1,"minecraft:chainmail_leggings":1,"minecraft:string":2,"minecraft:skull_pottery_sherd":1,"minecraft:dandelion":5,"minecraft:prize_pottery_sherd":1,"minecraft:cooked_chicken":1,"born_in_chaos_v1:ethereal_spirit":1,"minecraft:stone_shovel":1,"minecraft:rotten_flesh":13,"minecraft:cooked_mutton":4,"croptopia:cherry":1,"minecraft:white_bed":1,"minecraft:chainmail_chestplate":1,"minecraft:poppy":1,"minecraft:spider_eye":1,"minecraft:chainmail_boots":1,"minecraft:oak_sapling":116,"minecraft:miner_pottery_sherd":1,"immersiveengineering:seed":14},"minecraft:custom":{"minecraft:mob_kills":87,"minecraft:interact_with_crafting_table":66,"minecraft:open_barrel":17,"minecraft:damage_dealt_resisted":489,"minecraft:leave_game":10,"minecraft:time_since_death":26295,"minecraft:climb_one_cm":5666,"minecraft:sprint_one_cm":979048,"minecraft:walk_one_cm":1561546,"minecraft:drop":89,"minecraft:talked_to_villager":2,"minecraft:raid_win":1,"minecraft:play_time":371650,"minecraft:sneak_time":14117,"minecraft:deaths":15,"minecraft:walk_under_water_one_cm":2444,"minecraft:jump":4584,"minecraft:walk_on_water_one_cm":4471,"minecraft:total_world_time":371650,"minecraft:interact_with_furnace":18,"tombstone:raider_killed":23,"minecraft:interact_with_stonecutter":1,"minecraft:sleep_in_bed":21,"minecraft:time_since_rest":9178,"minecraft:waystone_activated":1,"minecraft:damage_taken":6717,"minecraft:damage_absorbed":120,"minecraft:damage_dealt":22237,"minecraft:swim_one_cm":7069,"minecraft:fly_one_cm":843092,"minecraft:crouch_one_cm":36171,"tombstone:undead_killed":16,"minecraft:open_chest":120,"minecraft:fall_one_cm":109877},"minecraft:killed_by":{"minecraft:stray":1,"minecraft:spider":1,"minecraft:pillager":1,"minecraft:iron_golem":1,"minecraft:ravager":1,"minecraft:vindicator":2,"minecraft:zombie":1,"minecraft:vex":6},"minecraft:mined":{"born_in_chaos_v1:cultivated_pumpkin":4,"minecraft:spruce_planks":4,"minecraft:white_bed":6,"minecraft:oak_sapling":23,"minecraft:farmland":20,"minecraft:mossy_cobblestone":9,"minecraft:oak_door":2,"minecraft:dark_oak_log":2,"fantasyfurniture:furniture_station":1,"minecraft:carved_pumpkin":1,"minecraft:grass_block":359,"minecraft:decorated_pot":1,"minecraft:oxeye_daisy":3,"minecraft:rooted_dirt":3,"minecraft:spawner":8,"storagedrawers:spruce_full_drawers_2":1,"mcwwindows:oak_four_window":6,"minecraft:furnace":8,"minecraft:barrel":5,"minecraft:fire":7,"minecraft:andesite":1,"minecraft:azure_bluet":4,"minecraft:gold_block":1,"minecraft:potatoes":5,"minecraft:bookshelf":4,"minecraft:small_amethyst_bud":1,"minecraft:oak_stairs":55,"minecraft:stone":326,"minecraft:iron_block":2,"minecraft:white_wool":6,"immersiveengineering:ore_aluminum":29,"minecraft:oak_slab":28,"mcwfences:oak_horse_fence":3,"minecraft:glass_pane":8,"born_in_chaos_v1:marigolds":10,"minecraft:amethyst_cluster":1,"minecraft:dandelion":4,"minecraft:oak_fence":5,"minecraft:cornflower":4,"minecraft:crafting_table":6,"minecraft:oak_wood":1,"minecraft:poppy":1,"minecraft:chest":1,"minecraft:glass":13,"minecraft:tall_grass":190,"minecraft:cobblestone":93,"minecraft:oak_planks":162,"minecraft:wall_torch":5,"minecraft:chain":2,"mcwwindows:oak_window2":4,"minecraft:coarse_dirt":101,"minecraft:wheat":1,"minecraft:spruce_log":4,"born_in_chaos_v1:river_mint":15,"minecraft:grass":722,"minecraft:oak_log":196,"minecraft:coal_ore":43,"minecraft:dirt":45,"minecraft:netherrack":4,"minecraft:oak_leaves":1,"minecraft:fern":1},"minecraft:crafted":{"mcwwindows:window_half_bar_base":72,"minecraft:smooth_stone":3,"minecraft:oak_planks":804,"minecraft:stone_shovel":1,"minecraft:cooked_chicken":3,"minecraft:furnace":8,"minecraft:blast_furnace":1,"storagedrawers:spruce_full_drawers_2":18,"minecraft:stone":3,"minecraft:cooked_mutton":8,"minecraft:oak_trapdoor":44,"minecraft:glass":64,"minecraft:iron_axe":3,"minecraft:iron_hoe":2,"minecraft:chest":21,"minecraft:wheat":9,"minecraft:oak_slab":174,"mcwwindows:oak_window2":24,"minecraft:cooked_porkchop":8,"minecraft:crafting_table":1,"mcwwindows:window_centre_bar_base":48,"minecraft:spruce_planks":112,"minecraft:oak_wood":3,"minecraft:bucket":2,"minecraft:bread":15,"minecraft:air":0,"minecraft:iron_ingot":18,"mcwwindows:window_base":72,"mcwfences:oak_horse_fence":81,"minecraft:stick":136,"minecraft:iron_pickaxe":4,"minecraft:oak_stairs":188,"minecraft:gold_ingot":9,"minecraft:iron_shovel":2,"mcwwindows:oak_four_window":48,"minecraft:white_bed":2,"minecraft:torch":24},"minecraft:broken":{"minecraft:iron_shovel":2,"minecraft:golden_axe":1,"minecraft:iron_axe":4,"minecraft:stone_axe":1,"minecraft:iron_pickaxe":2,"minecraft:stone_shovel":1,"minecraft:iron_hoe":1},"minecraft:picked_up":{"minecraft:crafting_table":6,"minecraft:coarse_dirt":101,"minecraft:wheat":47,"minecraft:azure_bluet":4,"minecraft:chainmail_boots":1,"minecraft:chicken":3,"born_in_chaos_v1:river_mint":15,"minecraft:diamond_sword":1,"minecraft:brown_mushroom":4,"minecraft:mourner_pottery_sherd":1,"minecraft:oak_stairs":53,"minecraft:gold_block":1,"minecraft:chain":2,"born_in_chaos_v1:bloody_gadfly_eye":1,"minecraft:brewing_stand":1,"minecraft:cornflower":4,"minecraft:string":10,"minecraft:iron_axe":2,"minecraft:iron_shovel":1,"minecraft:diamond_leggings":1,"minecraft:spruce_planks":4,"minecraft:poppy":9,"born_in_chaos_v1:stimulating_decoction":2,"minecraft:chest":1,"minecraft:furnace":8,"minecraft:egg":3,"minecraft:tipped_arrow":1,"minecraft:stick":153,"minecraft:oak_door":2,"minecraft:oak_fence":5,"minecraft:torch":11,"minecraft:porkchop":8,"minecraft:skull_pottery_sherd":1,"tombstone:grave_dust":2,"minecraft:carrot":2,"fantasyfurniture:furniture_station":1,"minecraft:arrow":35,"minecraft:stone_shovel":1,"minecraft:rotten_flesh":13,"minecraft:diamond_chestplate":1,"born_in_chaos_v1:sea_terror_eye":2,"minecraft:diamond_boots":1,"minecraft:hay_block":1,"minecraft:iron_block":2,"minecraft:carved_pumpkin":2,"minecraft:totem_of_undying":3,"minecraft:saddle":3,"minecraft:bookshelf":4,"born_in_chaos_v1:cultivated_pumpkin":4,"born_in_chaos_v1:trident_hayfork":2,"minecraft:mutton":11,"minecraft:white_wool":12,"minecraft:cobblestone":417,"minecraft:oxeye_daisy":5,"born_in_chaos_v1:corpse_maggot":2,"minecraft:feather":3,"minecraft:salmon":2,"croptopia:nectarine":1,"minecraft:leather":2,"minecraft:potato":16,"minecraft:oak_log":671,"minecraft:chainmail_chestplate":1,"mcwwindows:oak_four_window":6,"minecraft:dirt":423,"minecraft:white_banner":4,"born_in_chaos_v1:marigolds":10,"minecraft:glass":11,"minecraft:bone":9,"minecraft:apple":21,"mcwwindows:oak_window2":4,"minecraft:bow":1,"minecraft:wheat_seeds":272,"minecraft:iron_ingot":35,"tombstone:bag_of_seeds":1,"minecraft:diamond_helmet":1,"minecraft:glass_bottle":2,"minecraft:glowstone_dust":2,"minecraft:oak_planks":162,"croptopia:lime":6,"minecraft:oak_slab":32,"croptopia:apricot":12,"born_in_chaos_v1:ethereal_spirit":4,"minecraft:dandelion":8,"storagedrawers:spruce_full_drawers_2":1,"minecraft:sand":64,"immersiveengineering:raw_aluminum":29,"born_in_chaos_v1:dark_rod":3,"minecraft:amethyst_shard":4,"minecraft:bundle":1,"minecraft:prize_pottery_sherd":1,"minecraft:spider_eye":2,"minecraft:white_bed":6,"minecraft:spruce_log":80,"minecraft:barrel":5,"minecraft:mossy_cobblestone":9,"minecraft:iron_hoe":1,"croptopia:cherry":1,"minecraft:oak_wood":1,"minecraft:pumpkin_seeds":22,"minecraft:sugar":1,"mcwfences:oak_horse_fence":3,"immersiveengineering:seed":141,"minecraft:diamond":1,"minecraft:stone_axe":1,"minecraft:miner_pottery_sherd":1,"minecraft:chainmail_leggings":1,"minecraft:crossbow":1,"minecraft:diamond_axe":1,"minecraft:emerald":4,"minecraft:bread":29,"alexsmobs:maggot":2,"minecraft:rooted_dirt":3,"minecraft:oak_sapling":203,"minecraft:netherrack":4,"minecraft:coal":53},"minecraft:used":{"minecraft:oak_fence":5,"minecraft:oak_trapdoor":17,"minecraft:iron_shovel":504,"minecraft:carved_pumpkin":1,"minecraft:stone_shovel":142,"minecraft:chest":4,"minecraft:cooked_chicken":2,"minecraft:netherrack":3,"minecraft:oak_door":1,"minecraft:torch":33,"minecraft:dirt":148,"minecraft:carrot":11,"mcwwindows:oak_four_window":46,"mcwfences:oak_horse_fence":72,"minecraft:oak_wood":1,"minecraft:glass":13,"minecraft:iron_hoe":409,"minecraft:bookshelf":4,"minecraft:iron_axe":604,"minecraft:oak_stairs":240,"born_in_chaos_v1:mint_candy":1,"minecraft:bow":11,"minecraft:oak_sapling":15,"minecraft:furnace":15,"tombstone:gift":9,"minecraft:egg":3,"minecraft:potato":11,"minecraft:golden_axe":32,"born_in_chaos_v1:trident_hayfork":136,"minecraft:wheat_seeds":129,"minecraft:cooked_mutton":4,"minecraft:water_bucket":10,"mcwwindows:oak_window2":4,"minecraft:oak_planks":224,"storagedrawers:spruce_full_drawers_2":18,"minecraft:diamond_axe":5,"minecraft:white_wool":6,"minecraft:golden_apple":3,"born_in_chaos_v1:cultivated_pumpkin":1,"minecraft:oak_slab":201,"minecraft:blast_furnace":1,"minecraft:crafting_table":7,"minecraft:white_bed":7,"minecraft:spruce_log":4,"tombstone:bag_of_seeds":1,"minecraft:oak_log":379,"croptopia:nectarine":1,"minecraft:apple":21,"minecraft:iron_pickaxe":544,"minecraft:bread":46,"fantasyfurniture:furniture_station":1,"tombstone:grave_key":1,"minecraft:stone_axe":51,"born_in_chaos_v1:marigolds":2,"minecraft:diamond_sword":32,"minecraft:cobblestone":369,"born_in_chaos_v1:river_mint":1,"minecraft:cooked_porkchop":4,"minecraft:bucket":11}},"DataVersion":3465}