{"stats":{"minecraft:dropped":{"minecraft:wheat_seeds":8,"minecraft:mourner_pottery_sherd":1,"minecraft:diamond":1,"minecraft:cooked_porkchop":4,"minecraft:cobblestone":1,"minecraft:book":3,"minecraft:stick":33,"minecraft:oxeye_daisy":2,"minecraft:dirt":7,"tombstone:grave_key":1,"born_in_chaos_v1:trident_hayfork":1,"minecraft:iron_axe":1,"minecraft:iron_pickaxe":1,"minecraft:chainmail_leggings":1,"minecraft:string":2,"minecraft:skull_pottery_sherd":1,"minecraft:dandelion":5,"minecraft:prize_pottery_sherd":1,"born_in_chaos_v1:ethereal_spirit":1,"minecraft:stone_shovel":1,"minecraft:rotten_flesh":13,"minecraft:cooked_mutton":4,"croptopia:cherry":1,"minecraft:white_bed":1,"minecraft:chainmail_chestplate":1,"minecraft:poppy":1,"minecraft:oak_sapling":68,"minecraft:chainmail_boots":1,"minecraft:miner_pottery_sherd":1,"immersiveengineering:seed":14},"minecraft:killed_by":{"minecraft:iron_golem":1},"minecraft:picked_up":{"minecraft:crafting_table":6,"minecraft:wheat":37,"minecraft:azure_bluet":4,"born_in_chaos_v1:river_mint":14,"minecraft:chainmail_boots":1,"minecraft:chicken":3,"minecraft:mourner_pottery_sherd":1,"minecraft:brown_mushroom":4,"minecraft:oak_stairs":53,"minecraft:gold_block":1,"born_in_chaos_v1:bloody_gadfly_eye":1,"minecraft:cornflower":4,"minecraft:string":2,"minecraft:iron_axe":2,"minecraft:diamond_leggings":1,"minecraft:spruce_planks":4,"minecraft:poppy":7,"born_in_chaos_v1:stimulating_decoction":2,"minecraft:chest":1,"minecraft:egg":3,"minecraft:furnace":8,"minecraft:stick":135,"minecraft:oak_door":2,"minecraft:oak_fence":5,"minecraft:torch":10,"minecraft:porkchop":8,"minecraft:skull_pottery_sherd":1,"tombstone:grave_dust":2,"fantasyfurniture:furniture_station":1,"minecraft:diamond_chestplate":1,"minecraft:arrow":33,"minecraft:rotten_flesh":13,"minecraft:stone_shovel":1,"minecraft:diamond_boots":1,"minecraft:hay_block":1,"minecraft:carved_pumpkin":2,"minecraft:bookshelf":4,"born_in_chaos_v1:trident_hayfork":2,"minecraft:mutton":11,"minecraft:cobblestone":413,"minecraft:white_wool":12,"minecraft:oxeye_daisy":5,"born_in_chaos_v1:corpse_maggot":2,"minecraft:feather":3,"croptopia:nectarine":1,"minecraft:leather":2,"minecraft:oak_log":594,"minecraft:chainmail_chestplate":1,"mcwwindows:oak_four_window":6,"minecraft:dirt":232,"born_in_chaos_v1:marigolds":10,"minecraft:glass":11,"minecraft:bone":6,"mcwwindows:oak_window2":4,"minecraft:apple":19,"minecraft:bow":1,"minecraft:wheat_seeds":148,"minecraft:iron_ingot":28,"tombstone:bag_of_seeds":1,"minecraft:diamond_helmet":1,"croptopia:lime":6,"minecraft:oak_planks":162,"minecraft:oak_slab":32,"croptopia:apricot":12,"born_in_chaos_v1:ethereal_spirit":4,"minecraft:dandelion":6,"storagedrawers:spruce_full_drawers_2":1,"born_in_chaos_v1:dark_rod":3,"immersiveengineering:raw_aluminum":29,"minecraft:sand":64,"minecraft:amethyst_shard":4,"minecraft:prize_pottery_sherd":1,"minecraft:spruce_log":80,"minecraft:white_bed":6,"minecraft:barrel":5,"minecraft:mossy_cobblestone":9,"minecraft:oak_wood":1,"croptopia:cherry":1,"minecraft:pumpkin_seeds":22,"minecraft:diamond":1,"immersiveengineering:seed":71,"minecraft:stone_axe":1,"minecraft:miner_pottery_sherd":1,"minecraft:chainmail_leggings":1,"minecraft:diamond_axe":1,"minecraft:bread":21,"alexsmobs:maggot":2,"minecraft:oak_sapling":153,"minecraft:netherrack":4,"minecraft:coal":53},"minecraft:custom":{"minecraft:mob_kills":32,"minecraft:interact_with_crafting_table":53,"minecraft:open_barrel":10,"minecraft:leave_game":7,"minecraft:time_since_death":225497,"minecraft:climb_one_cm":2898,"minecraft:sprint_one_cm":606752,"minecraft:walk_one_cm":1117198,"minecraft:drop":59,"minecraft:talked_to_villager":2,"minecraft:play_time":274836,"minecraft:deaths":2,"minecraft:sneak_time":13335,"minecraft:walk_under_water_one_cm":423,"minecraft:jump":3340,"minecraft:walk_on_water_one_cm":819,"minecraft:total_world_time":274836,"minecraft:interact_with_furnace":14,"minecraft:interact_with_stonecutter":1,"minecraft:sleep_in_bed":14,"minecraft:time_since_rest":11184,"minecraft:waystone_activated":1,"minecraft:damage_taken":2140,"minecraft:damage_dealt":11295,"minecraft:swim_one_cm":7069,"minecraft:fly_one_cm":560412,"minecraft:open_chest":76,"minecraft:crouch_one_cm":35535,"tombstone:undead_killed":5,"minecraft:fall_one_cm":89285},"minecraft:used":{"minecraft:oak_trapdoor":16,"minecraft:oak_fence":5,"minecraft:iron_shovel":82,"minecraft:carved_pumpkin":1,"minecraft:stone_shovel":142,"minecraft:chest":2,"minecraft:netherrack":3,"minecraft:oak_door":1,"minecraft:torch":33,"minecraft:dirt":89,"mcwwindows:oak_four_window":46,"minecraft:oak_wood":1,"minecraft:glass":13,"minecraft:bookshelf":4,"minecraft:iron_axe":582,"minecraft:oak_stairs":240,"born_in_chaos_v1:mint_candy":1,"minecraft:oak_sapling":13,"minecraft:furnace":15,"tombstone:gift":3,"minecraft:egg":3,"minecraft:golden_axe":32,"born_in_chaos_v1:trident_hayfork":19,"minecraft:cooked_mutton":4,"mcwwindows:oak_window2":4,"minecraft:oak_planks":221,"storagedrawers:spruce_full_drawers_2":18,"minecraft:white_wool":6,"minecraft:oak_slab":201,"minecraft:crafting_table":7,"minecraft:blast_furnace":1,"minecraft:white_bed":7,"minecraft:spruce_log":4,"tombstone:bag_of_seeds":1,"minecraft:oak_log":378,"croptopia:nectarine":1,"minecraft:apple":14,"minecraft:bread":34,"minecraft:iron_pickaxe":527,"born_in_chaos_v1:marigolds":2,"fantasyfurniture:furniture_station":1,"minecraft:stone_axe":51,"minecraft:cobblestone":368,"minecraft:cooked_porkchop":4},"minecraft:broken":{"minecraft:golden_axe":1,"minecraft:iron_axe":4,"minecraft:stone_axe":1,"minecraft:iron_pickaxe":2,"minecraft:stone_shovel":1},"minecraft:killed":{"born_in_chaos_v1:pumpkin_spirit":1,"born_in_chaos_v1:door_knight_not_despawn":1,"born_in_chaos_v1:zombie_clown_not_despawn":1,"minecraft:zombie_horse":1,"born_in_chaos_v1:maggot":1,"minecraft:horse":3,"minecraft:skeleton":2,"minecraft:chicken":3,"minecraft:pig":3,"minecraft:iron_golem":7,"minecraft:sheep":6,"born_in_chaos_v1:bloody_gadfly":1,"born_in_chaos_v1:dark_vortex":1,"alexsmobs:fly":1},"minecraft:mined":{"minecraft:spruce_planks":4,"minecraft:white_bed":6,"minecraft:oak_sapling":20,"minecraft:mossy_cobblestone":9,"minecraft:oak_door":2,"fantasyfurniture:furniture_station":1,"minecraft:carved_pumpkin":1,"minecraft:grass_block":191,"minecraft:decorated_pot":1,"minecraft:oxeye_daisy":3,"minecraft:spawner":3,"storagedrawers:spruce_full_drawers_2":1,"mcwwindows:oak_four_window":6,"minecraft:furnace":8,"minecraft:fire":7,"minecraft:barrel":5,"minecraft:andesite":1,"minecraft:azure_bluet":4,"minecraft:gold_block":1,"minecraft:bookshelf":4,"minecraft:small_amethyst_bud":1,"minecraft:oak_stairs":55,"minecraft:stone":326,"minecraft:white_wool":6,"immersiveengineering:ore_aluminum":29,"minecraft:oak_slab":28,"minecraft:glass_pane":8,"born_in_chaos_v1:marigolds":10,"minecraft:amethyst_cluster":1,"minecraft:dandelion":2,"minecraft:oak_fence":5,"minecraft:cornflower":4,"minecraft:crafting_table":6,"minecraft:oak_wood":1,"minecraft:poppy":1,"minecraft:chest":1,"minecraft:glass":13,"minecraft:cobblestone":89,"minecraft:tall_grass":103,"minecraft:oak_planks":162,"minecraft:wall_torch":5,"mcwwindows:oak_window2":4,"minecraft:spruce_log":4,"born_in_chaos_v1:river_mint":14,"minecraft:grass":352,"minecraft:oak_log":195,"minecraft:coal_ore":43,"minecraft:dirt":41,"minecraft:netherrack":4,"minecraft:oak_leaves":1},"minecraft:crafted":{"mcwwindows:window_half_bar_base":72,"minecraft:oak_planks":772,"minecraft:smooth_stone":3,"minecraft:stone_shovel":1,"minecraft:furnace":8,"minecraft:blast_furnace":1,"storagedrawers:spruce_full_drawers_2":18,"minecraft:stone":3,"minecraft:cooked_mutton":8,"minecraft:oak_trapdoor":44,"minecraft:glass":64,"minecraft:iron_axe":3,"minecraft:chest":19,"minecraft:wheat":9,"minecraft:oak_slab":174,"mcwwindows:oak_window2":24,"minecraft:cooked_porkchop":8,"minecraft:crafting_table":1,"mcwwindows:window_centre_bar_base":48,"minecraft:spruce_planks":112,"minecraft:oak_wood":3,"minecraft:air":0,"minecraft:bread":12,"mcwwindows:window_base":72,"minecraft:stick":108,"minecraft:gold_ingot":9,"minecraft:iron_pickaxe":4,"minecraft:oak_stairs":188,"minecraft:iron_shovel":1,"mcwwindows:oak_four_window":48,"minecraft:white_bed":2,"minecraft:torch":24}},"DataVersion":3465}