{"stats":{"minecraft:dropped":{"minecraft:wheat_seeds":8,"minecraft:diamond":1,"minecraft:cobblestone":1,"minecraft:book":3,"minecraft:stick":33,"minecraft:oxeye_daisy":2,"minecraft:dirt":7,"tombstone:grave_key":1,"minecraft:iron_axe":1,"minecraft:iron_pickaxe":1,"minecraft:chainmail_leggings":1,"minecraft:dandelion":5,"born_in_chaos_v1:ethereal_spirit":1,"minecraft:stone_shovel":1,"minecraft:rotten_flesh":13,"croptopia:cherry":1,"minecraft:white_bed":1,"minecraft:chainmail_chestplate":1,"minecraft:poppy":1,"minecraft:oak_sapling":68,"minecraft:chainmail_boots":1,"immersiveengineering:seed":14},"minecraft:killed_by":{"minecraft:iron_golem":1},"minecraft:picked_up":{"minecraft:crafting_table":2,"minecraft:wheat":37,"born_in_chaos_v1:river_mint":14,"minecraft:chainmail_boots":1,"minecraft:chicken":3,"minecraft:brown_mushroom":4,"minecraft:oak_stairs":45,"minecraft:gold_block":1,"minecraft:iron_axe":2,"minecraft:diamond_leggings":1,"minecraft:spruce_planks":4,"minecraft:poppy":6,"born_in_chaos_v1:stimulating_decoction":2,"minecraft:chest":1,"minecraft:egg":3,"minecraft:furnace":2,"minecraft:stick":95,"minecraft:oak_door":2,"minecraft:oak_fence":3,"minecraft:torch":9,"minecraft:porkchop":8,"tombstone:grave_dust":2,"minecraft:diamond_chestplate":1,"minecraft:arrow":32,"minecraft:rotten_flesh":13,"minecraft:stone_shovel":1,"minecraft:diamond_boots":1,"minecraft:hay_block":1,"minecraft:carved_pumpkin":2,"minecraft:bookshelf":4,"born_in_chaos_v1:trident_hayfork":1,"minecraft:mutton":11,"minecraft:cobblestone":350,"minecraft:white_wool":12,"minecraft:oxeye_daisy":2,"minecraft:feather":3,"minecraft:leather":2,"minecraft:oak_log":436,"minecraft:chainmail_chestplate":1,"mcwwindows:oak_four_window":4,"minecraft:dirt":188,"born_in_chaos_v1:marigolds":2,"minecraft:glass":11,"minecraft:bone":2,"mcwwindows:oak_window2":4,"minecraft:apple":10,"minecraft:bow":1,"minecraft:wheat_seeds":142,"minecraft:iron_ingot":28,"minecraft:diamond_helmet":1,"croptopia:lime":6,"minecraft:oak_planks":156,"minecraft:oak_slab":25,"croptopia:apricot":12,"born_in_chaos_v1:ethereal_spirit":2,"minecraft:dandelion":5,"immersiveengineering:raw_aluminum":13,"minecraft:sand":64,"minecraft:white_bed":6,"minecraft:barrel":5,"minecraft:mossy_cobblestone":9,"croptopia:cherry":1,"minecraft:pumpkin_seeds":22,"minecraft:diamond":1,"immersiveengineering:seed":65,"minecraft:stone_axe":1,"minecraft:chainmail_leggings":1,"minecraft:bread":21,"alexsmobs:maggot":2,"minecraft:oak_sapling":101,"minecraft:netherrack":4,"minecraft:coal":53},"minecraft:custom":{"minecraft:mob_kills":27,"minecraft:interact_with_crafting_table":31,"minecraft:open_barrel":10,"minecraft:leave_game":7,"minecraft:time_since_death":147497,"minecraft:sprint_one_cm":435521,"minecraft:walk_one_cm":793441,"minecraft:drop":45,"minecraft:talked_to_villager":2,"minecraft:play_time":196836,"minecraft:deaths":2,"minecraft:sneak_time":9706,"minecraft:walk_under_water_one_cm":423,"minecraft:jump":2418,"minecraft:walk_on_water_one_cm":819,"minecraft:total_world_time":196836,"minecraft:interact_with_furnace":8,"minecraft:interact_with_stonecutter":1,"minecraft:sleep_in_bed":11,"minecraft:time_since_rest":10454,"minecraft:waystone_activated":1,"minecraft:damage_taken":1471,"minecraft:damage_dealt":10125,"minecraft:swim_one_cm":7069,"minecraft:fly_one_cm":364198,"minecraft:open_chest":44,"minecraft:crouch_one_cm":26728,"tombstone:undead_killed":3,"minecraft:fall_one_cm":57558},"minecraft:used":{"minecraft:oak_fence":3,"minecraft:iron_shovel":42,"minecraft:carved_pumpkin":1,"minecraft:stone_shovel":142,"minecraft:chest":2,"minecraft:netherrack":3,"minecraft:oak_door":1,"minecraft:torch":29,"minecraft:dirt":53,"mcwwindows:oak_four_window":32,"minecraft:glass":13,"minecraft:bookshelf":4,"minecraft:iron_axe":480,"minecraft:oak_stairs":140,"born_in_chaos_v1:mint_candy":1,"minecraft:oak_sapling":11,"minecraft:furnace":3,"tombstone:gift":3,"minecraft:egg":3,"minecraft:golden_axe":32,"born_in_chaos_v1:trident_hayfork":4,"mcwwindows:oak_window2":4,"minecraft:oak_planks":211,"minecraft:white_wool":6,"minecraft:oak_slab":155,"minecraft:crafting_table":3,"minecraft:blast_furnace":1,"minecraft:white_bed":7,"minecraft:oak_log":318,"minecraft:apple":5,"minecraft:bread":34,"minecraft:iron_pickaxe":435,"born_in_chaos_v1:marigolds":2,"minecraft:stone_axe":51,"minecraft:cobblestone":247},"minecraft:broken":{"minecraft:golden_axe":1,"minecraft:iron_axe":3,"minecraft:stone_axe":1,"minecraft:iron_pickaxe":1,"minecraft:stone_shovel":1},"minecraft:killed":{"born_in_chaos_v1:pumpkin_spirit":1,"born_in_chaos_v1:door_knight_not_despawn":1,"born_in_chaos_v1:zombie_clown_not_despawn":1,"minecraft:zombie_horse":1,"minecraft:horse":3,"minecraft:chicken":3,"minecraft:pig":3,"minecraft:iron_golem":7,"minecraft:sheep":6,"alexsmobs:fly":1},"minecraft:mined":{"minecraft:spruce_planks":4,"minecraft:white_bed":6,"minecraft:oak_sapling":17,"minecraft:mossy_cobblestone":9,"minecraft:oak_door":2,"minecraft:carved_pumpkin":1,"minecraft:grass_block":161,"minecraft:spawner":3,"mcwwindows:oak_four_window":4,"minecraft:furnace":2,"minecraft:fire":7,"minecraft:barrel":5,"minecraft:andesite":1,"minecraft:gold_block":1,"minecraft:bookshelf":4,"minecraft:oak_stairs":47,"minecraft:stone":301,"minecraft:white_wool":6,"immersiveengineering:ore_aluminum":13,"minecraft:oak_slab":21,"minecraft:glass_pane":8,"born_in_chaos_v1:marigolds":2,"minecraft:dandelion":1,"minecraft:oak_fence":3,"minecraft:crafting_table":2,"minecraft:chest":1,"minecraft:glass":13,"minecraft:cobblestone":49,"minecraft:tall_grass":92,"minecraft:oak_planks":156,"minecraft:wall_torch":4,"mcwwindows:oak_window2":4,"born_in_chaos_v1:river_mint":14,"minecraft:grass":338,"minecraft:oak_log":135,"minecraft:coal_ore":43,"minecraft:dirt":27,"minecraft:netherrack":4,"minecraft:oak_leaves":1},"minecraft:crafted":{"mcwwindows:window_half_bar_base":56,"minecraft:oak_planks":344,"minecraft:smooth_stone":3,"minecraft:stone_shovel":1,"minecraft:furnace":2,"minecraft:blast_furnace":1,"minecraft:stone":3,"minecraft:glass":64,"minecraft:iron_axe":3,"minecraft:chest":1,"minecraft:wheat":9,"minecraft:oak_slab":132,"mcwwindows:oak_window2":24,"minecraft:crafting_table":1,"mcwwindows:window_centre_bar_base":32,"minecraft:air":0,"minecraft:bread":12,"mcwwindows:window_base":56,"minecraft:stick":72,"minecraft:iron_pickaxe":3,"minecraft:oak_stairs":100,"minecraft:iron_shovel":1,"mcwwindows:oak_four_window":32,"minecraft:white_bed":2,"minecraft:torch":24}},"DataVersion":3465}