{"stats":{"minecraft:killed":{"minecraft:cave_spider":1,"minecraft:witch":3,"born_in_chaos_v1:door_knight_not_despawn":1,"born_in_chaos_v1:pumpkin_spirit":1,"minecraft:spider":2,"minecraft:zombie_horse":1,"born_in_chaos_v1:baby_skeleton_minion":1,"minecraft:skeleton":3,"minecraft:chicken":3,"minecraft:pig":3,"born_in_chaos_v1:glutton_fish":1,"minecraft:iron_golem":8,"minecraft:sheep":12,"minecraft:pillager":10,"minecraft:zombie":3,"minecraft:stray":1,"alexsmobs:fly":1,"minecraft:cow":2,"minecraft:evoker":3,"minecraft:vex":11,"born_in_chaos_v1:zombie_clown_not_despawn":1,"minecraft:vindicator":7,"born_in_chaos_v1:maggot":4,"minecraft:horse":3,"born_in_chaos_v1:bone_imp_minion":6,"born_in_chaos_v1:bloody_gadfly":1,"born_in_chaos_v1:dark_vortex":1},"minecraft:custom":{"minecraft:interact_with_crafting_table":74,"minecraft:open_barrel":17,"minecraft:leave_game":11,"minecraft:time_since_death":101349,"minecraft:sprint_one_cm":1300298,"minecraft:drop":101,"minecraft:talked_to_villager":2,"minecraft:play_time":446704,"minecraft:deaths":15,"minecraft:jump":5695,"minecraft:walk_on_water_one_cm":4513,"minecraft:interact_with_furnace":25,"minecraft:sleep_in_bed":27,"minecraft:waystone_activated":1,"minecraft:damage_dealt":24110,"minecraft:crouch_one_cm":37207,"tombstone:undead_killed":17,"minecraft:mob_kills":97,"minecraft:damage_dealt_resisted":489,"minecraft:climb_one_cm":5666,"minecraft:walk_one_cm":1813452,"minecraft:raid_win":1,"minecraft:sneak_time":15204,"minecraft:walk_under_water_one_cm":2444,"minecraft:total_world_time":446704,"tombstone:raider_killed":23,"minecraft:interact_with_stonecutter":1,"minecraft:time_since_rest":15181,"minecraft:damage_taken":6989,"minecraft:damage_absorbed":120,"minecraft:swim_one_cm":7069,"minecraft:fly_one_cm":1145527,"minecraft:open_chest":149,"minecraft:fall_one_cm":134175},"minecraft:dropped":{"minecraft:baked_potato":10,"minecraft:diamond":3,"minecraft:cooked_porkchop":4,"minecraft:crossbow":1,"minecraft:dirt":7,"born_in_chaos_v1:trident_hayfork":1,"minecraft:iron_pickaxe":1,"minecraft:bone":1,"minecraft:prize_pottery_sherd":1,"minecraft:cooked_chicken":1,"born_in_chaos_v1:ethereal_spirit":1,"minecraft:rotten_flesh":13,"minecraft:cooked_mutton":7,"minecraft:white_bed":1,"minecraft:chainmail_chestplate":1,"minecraft:poppy":1,"minecraft:chainmail_boots":1,"minecraft:arrow":1,"immersiveengineering:seed":14,"minecraft:bread":3,"minecraft:wheat_seeds":8,"minecraft:mourner_pottery_sherd":1,"minecraft:cobblestone":1,"minecraft:book":3,"simplyswords:diamond_warglaive":1,"minecraft:golden_apple":2,"minecraft:stick":33,"minecraft:oxeye_daisy":2,"tombstone:grave_key":1,"minecraft:iron_axe":1,"minecraft:chainmail_leggings":1,"minecraft:string":2,"minecraft:skull_pottery_sherd":1,"minecraft:dandelion":5,"minecraft:stone_shovel":1,"croptopia:cherry":1,"minecraft:oak_sapling":116,"minecraft:miner_pottery_sherd":1,"minecraft:spider_eye":1},"minecraft:killed_by":{"minecraft:pillager":1,"minecraft:ravager":1,"minecraft:vindicator":2,"minecraft:zombie":1,"minecraft:vex":6,"minecraft:stray":1,"minecraft:spider":1,"minecraft:iron_golem":1},"minecraft:mined":{"born_in_chaos_v1:cultivated_pumpkin":4,"minecraft:spruce_planks":4,"minecraft:white_bed":6,"minecraft:oak_sapling":36,"minecraft:farmland":23,"minecraft:carved_pumpkin":1,"minecraft:grass_block":483,"minecraft:oxeye_daisy":3,"minecraft:spawner":8,"minecraft:fire":7,"minecraft:barrel":5,"minecraft:pumpkin":5,"minecraft:azure_bluet":4,"minecraft:dirt_path":15,"minecraft:oak_stairs":55,"minecraft:small_amethyst_bud":1,"minecraft:iron_block":2,"minecraft:amethyst_cluster":1,"minecraft:poppy":5,"minecraft:chest":1,"minecraft:glass":13,"minecraft:cobblestone":93,"minecraft:oak_planks":162,"minecraft:wall_torch":7,"minecraft:birch_sapling":3,"minecraft:chain":2,"minecraft:wheat":1,"born_in_chaos_v1:river_mint":15,"minecraft:grass":846,"minecraft:oak_log":202,"minecraft:sand":39,"minecraft:dirt":56,"minecraft:netherrack":4,"minecraft:oak_leaves":1,"minecraft:mossy_cobblestone":23,"minecraft:oak_door":2,"fantasyfurniture:furniture_station":1,"minecraft:dark_oak_log":2,"minecraft:decorated_pot":1,"minecraft:rooted_dirt":3,"storagedrawers:spruce_full_drawers_2":1,"minecraft:oak_trapdoor":7,"mcwwindows:oak_four_window":6,"minecraft:furnace":8,"minecraft:carrots":2,"minecraft:andesite":1,"minecraft:gold_block":1,"minecraft:bookshelf":4,"minecraft:potatoes":5,"minecraft:stone":326,"minecraft:white_wool":9,"immersiveengineering:ore_aluminum":29,"minecraft:oak_slab":28,"mcwfences:oak_horse_fence":3,"minecraft:glass_pane":8,"born_in_chaos_v1:marigolds":10,"minecraft:dandelion":4,"minecraft:oak_fence":5,"minecraft:crafting_table":6,"minecraft:cornflower":4,"minecraft:oak_wood":1,"minecraft:tall_grass":230,"mcwwindows:oak_window2":4,"minecraft:coarse_dirt":107,"minecraft:spruce_log":4,"minecraft:coal_ore":43,"minecraft:fern":1},"minecraft:crafted":{"mcwwindows:window_half_bar_base":72,"minecraft:oak_planks":804,"minecraft:smooth_stone":3,"minecraft:cooked_chicken":3,"minecraft:stone":3,"sophisticatedbackpacks:crafting_upgrade":1,"minecraft:cooked_mutton":11,"minecraft:glass":64,"minecraft:chest":23,"minecraft:oak_slab":174,"mcwwindows:oak_window2":24,"sophisticatedbackpacks:backpack":1,"minecraft:cooked_porkchop":8,"minecraft:crafting_table":2,"mcwwindows:window_centre_bar_base":48,"minecraft:spruce_planks":112,"minecraft:baked_potato":33,"minecraft:oak_wood":3,"mcwwindows:window_base":72,"minecraft:stick":140,"minecraft:iron_pickaxe":4,"minecraft:iron_ingot":18,"minecraft:gold_ingot":9,"mcwwindows:oak_four_window":48,"minecraft:stone_shovel":1,"minecraft:furnace":8,"minecraft:blast_furnace":1,"storagedrawers:spruce_full_drawers_2":18,"minecraft:bone_meal":42,"minecraft:oak_trapdoor":44,"minecraft:iron_axe":3,"minecraft:iron_hoe":2,"minecraft:wheat":9,"sophisticatedbackpacks:iron_backpack":1,"sophisticatedbackpacks:gold_backpack":1,"minecraft:bucket":2,"minecraft:bread":26,"minecraft:air":0,"mcwfences:oak_horse_fence":81,"minecraft:oak_stairs":188,"minecraft:iron_shovel":2,"minecraft:white_bed":3,"minecraft:torch":40},"minecraft:broken":{"minecraft:iron_shovel":3,"minecraft:stone_axe":1,"minecraft:stone_shovel":1,"minecraft:iron_hoe":1,"minecraft:golden_axe":1,"minecraft:iron_axe":5,"minecraft:iron_pickaxe":2},"minecraft:picked_up":{"minecraft:wheat":79,"minecraft:chainmail_boots":1,"minecraft:diamond_sword":1,"minecraft:oak_stairs":53,"born_in_chaos_v1:bloody_gadfly_eye":1,"minecraft:brewing_stand":1,"minecraft:string":19,"minecraft:diamond_leggings":1,"minecraft:spruce_planks":4,"born_in_chaos_v1:stimulating_decoction":2,"minecraft:furnace":8,"minecraft:tipped_arrow":1,"minecraft:stick":174,"minecraft:oak_fence":5,"minecraft:torch":15,"minecraft:porkchop":8,"tombstone:grave_dust":2,"fantasyfurniture:furniture_station":1,"simplyswords:diamond_warglaive":1,"minecraft:rotten_flesh":13,"croptopia:persimmon":9,"born_in_chaos_v1:sea_terror_eye":2,"minecraft:iron_block":2,"minecraft:carved_pumpkin":2,"minecraft:bookshelf":4,"born_in_chaos_v1:cultivated_pumpkin":4,"minecraft:cobblestone":417,"minecraft:birch_log":32,"minecraft:feather":3,"croptopia:nectarine":8,"minecraft:potato":73,"minecraft:dirt":576,"born_in_chaos_v1:marigolds":10,"minecraft:glass":11,"minecraft:bone":10,"minecraft:bow":1,"minecraft:wheat_seeds":356,"minecraft:diamond_helmet":1,"minecraft:glowstone_dust":2,"croptopia:lime":6,"minecraft:oak_planks":162,"minecraft:sand":103,"immersiveengineering:raw_aluminum":29,"minecraft:barrel":5,"minecraft:mossy_cobblestone":23,"minecraft:iron_hoe":1,"minecraft:bundle":1,"croptopia:cherry":10,"minecraft:sugar":1,"minecraft:diamond":2,"minecraft:miner_pottery_sherd":1,"minecraft:crossbow":1,"minecraft:bread":29,"minecraft:emerald":4,"alexsmobs:maggot":2,"minecraft:rooted_dirt":3,"minecraft:oak_sapling":235,"minecraft:netherrack":4,"minecraft:crafting_table":6,"minecraft:coarse_dirt":107,"minecraft:azure_bluet":4,"minecraft:chicken":3,"born_in_chaos_v1:river_mint":15,"minecraft:brown_mushroom":4,"minecraft:mourner_pottery_sherd":1,"minecraft:gold_block":1,"minecraft:chain":2,"minecraft:cornflower":4,"minecraft:oak_trapdoor":7,"minecraft:iron_axe":2,"minecraft:iron_shovel":1,"minecraft:beef":3,"minecraft:poppy":13,"minecraft:birch_sapling":3,"minecraft:chest":1,"minecraft:egg":3,"minecraft:oak_door":2,"minecraft:skull_pottery_sherd":1,"minecraft:carrot":12,"minecraft:arrow":36,"minecraft:stone_shovel":1,"minecraft:diamond_chestplate":1,"minecraft:diamond_boots":1,"minecraft:hay_block":1,"minecraft:saddle":3,"minecraft:totem_of_undying":3,"born_in_chaos_v1:trident_hayfork":2,"minecraft:mutton":19,"minecraft:white_wool":20,"minecraft:oxeye_daisy":5,"born_in_chaos_v1:corpse_maggot":2,"minecraft:salmon":2,"minecraft:leather":4,"minecraft:oak_log":794,"minecraft:chainmail_chestplate":1,"mcwwindows:oak_four_window":6,"minecraft:white_banner":4,"sophisticatedbackpacks:upgrade_base":1,"mcwwindows:oak_window2":4,"minecraft:apple":25,"minecraft:iron_ingot":40,"tombstone:bag_of_seeds":1,"minecraft:glass_bottle":2,"minecraft:oak_slab":32,"minecraft:pumpkin":5,"croptopia:apricot":12,"born_in_chaos_v1:ethereal_spirit":4,"minecraft:dandelion":8,"storagedrawers:spruce_full_drawers_2":1,"born_in_chaos_v1:dark_rod":3,"minecraft:amethyst_shard":4,"minecraft:prize_pottery_sherd":1,"minecraft:white_bed":7,"minecraft:spruce_log":82,"minecraft:spider_eye":2,"minecraft:oak_wood":1,"minecraft:diamond_shovel":1,"minecraft:pumpkin_seeds":22,"mcwfences:oak_horse_fence":3,"immersiveengineering:seed":175,"minecraft:stone_axe":1,"minecraft:chainmail_leggings":1,"minecraft:diamond_axe":1,"minecraft:gray_wool":1,"simplyswords:iron_chakram":1,"minecraft:coal":53},"minecraft:used":{"minecraft:iron_shovel":713,"minecraft:chest":4,"minecraft:carrot":22,"mcwwindows:oak_four_window":46,"minecraft:azure_bluet":4,"minecraft:glass":13,"born_in_chaos_v1:mint_candy":1,"minecraft:bow":11,"minecraft:furnace":15,"minecraft:oak_sapling":15,"minecraft:egg":3,"minecraft:potato":57,"minecraft:oak_planks":224,"storagedrawers:spruce_full_drawers_2":18,"minecraft:diamond_axe":41,"minecraft:white_wool":9,"minecraft:golden_apple":3,"minecraft:sand":1,"simplyswords:iron_chakram":3,"simplyswords:diamond_warglaive":4,"minecraft:blast_furnace":1,"croptopia:nectarine":1,"minecraft:bread":54,"tombstone:grave_key":1,"born_in_chaos_v1:marigolds":4,"minecraft:diamond_sword":32,"born_in_chaos_v1:river_mint":1,"minecraft:coarse_dirt":5,"minecraft:bone_meal":42,"minecraft:oak_fence":5,"minecraft:oak_trapdoor":26,"minecraft:carved_pumpkin":1,"minecraft:stone_shovel":142,"minecraft:cooked_chicken":2,"minecraft:netherrack":3,"minecraft:oak_door":1,"minecraft:torch":54,"minecraft:dirt":444,"mcwfences:oak_horse_fence":72,"minecraft:oak_wood":1,"minecraft:iron_hoe":453,"minecraft:bookshelf":4,"minecraft:iron_axe":629,"minecraft:oak_stairs":240,"tombstone:gift":9,"minecraft:golden_axe":32,"born_in_chaos_v1:trident_hayfork":146,"minecraft:wheat_seeds":239,"minecraft:cooked_mutton":4,"minecraft:water_bucket":11,"mcwwindows:oak_window2":4,"minecraft:baked_potato":9,"croptopia:apricot":8,"minecraft:mossy_cobblestone":14,"minecraft:oak_slab":201,"minecraft:crafting_table":7,"born_in_chaos_v1:cultivated_pumpkin":1,"minecraft:white_bed":9,"minecraft:spruce_log":6,"minecraft:oak_log":385,"tombstone:bag_of_seeds":1,"minecraft:cornflower":2,"minecraft:apple":21,"minecraft:oxeye_daisy":1,"minecraft:diamond_shovel":55,"minecraft:iron_pickaxe":560,"minecraft:stone_axe":51,"fantasyfurniture:furniture_station":1,"minecraft:cobblestone":369,"minecraft:cooked_porkchop":4,"minecraft:bucket":11}},"DataVersion":3465}