{"stats":{"minecraft:dropped":{"minecraft:wheat_seeds":6,"minecraft:diamond":1,"minecraft:cobblestone":1,"minecraft:book":3,"minecraft:stick":33,"minecraft:oxeye_daisy":2,"minecraft:dirt":7,"tombstone:grave_key":1,"minecraft:iron_axe":1,"minecraft:iron_pickaxe":1,"minecraft:chainmail_leggings":1,"minecraft:dandelion":5,"born_in_chaos_v1:ethereal_spirit":1,"minecraft:stone_shovel":1,"minecraft:rotten_flesh":13,"croptopia:cherry":1,"minecraft:white_bed":1,"minecraft:chainmail_chestplate":1,"minecraft:poppy":1,"minecraft:oak_sapling":68,"minecraft:chainmail_boots":1,"immersiveengineering:seed":8},"minecraft:killed_by":{"minecraft:iron_golem":1},"minecraft:picked_up":{"minecraft:crafting_table":2,"minecraft:wheat":37,"born_in_chaos_v1:river_mint":14,"minecraft:chainmail_boots":1,"minecraft:chicken":3,"minecraft:brown_mushroom":4,"minecraft:oak_stairs":38,"minecraft:gold_block":1,"minecraft:iron_axe":2,"minecraft:spruce_planks":4,"minecraft:poppy":6,"born_in_chaos_v1:stimulating_decoction":2,"minecraft:chest":1,"minecraft:egg":3,"minecraft:furnace":2,"minecraft:stick":95,"minecraft:oak_door":2,"minecraft:oak_fence":3,"minecraft:torch":9,"minecraft:porkchop":8,"tombstone:grave_dust":2,"minecraft:arrow":32,"minecraft:rotten_flesh":13,"minecraft:stone_shovel":1,"minecraft:hay_block":1,"minecraft:carved_pumpkin":2,"minecraft:bookshelf":4,"born_in_chaos_v1:trident_hayfork":1,"minecraft:mutton":11,"minecraft:cobblestone":342,"minecraft:white_wool":12,"minecraft:oxeye_daisy":2,"minecraft:feather":3,"minecraft:leather":2,"minecraft:oak_log":379,"minecraft:chainmail_chestplate":1,"mcwwindows:oak_four_window":2,"minecraft:dirt":176,"born_in_chaos_v1:marigolds":2,"minecraft:glass":11,"minecraft:bone":2,"mcwwindows:oak_window2":4,"minecraft:apple":10,"minecraft:bow":1,"minecraft:wheat_seeds":140,"minecraft:iron_ingot":25,"croptopia:lime":6,"minecraft:oak_planks":147,"minecraft:oak_slab":17,"croptopia:apricot":12,"born_in_chaos_v1:ethereal_spirit":2,"minecraft:dandelion":5,"immersiveengineering:raw_aluminum":13,"minecraft:sand":64,"minecraft:white_bed":6,"minecraft:barrel":5,"minecraft:mossy_cobblestone":9,"croptopia:cherry":1,"minecraft:pumpkin_seeds":22,"minecraft:diamond":1,"immersiveengineering:seed":59,"minecraft:stone_axe":1,"minecraft:chainmail_leggings":1,"minecraft:bread":21,"minecraft:oak_sapling":101,"minecraft:netherrack":4,"minecraft:coal":53},"minecraft:custom":{"minecraft:mob_kills":25,"minecraft:interact_with_crafting_table":25,"minecraft:open_barrel":10,"minecraft:leave_game":7,"minecraft:time_since_death":111497,"minecraft:sprint_one_cm":353685,"minecraft:walk_one_cm":639721,"minecraft:drop":37,"minecraft:talked_to_villager":2,"minecraft:play_time":160836,"minecraft:deaths":2,"minecraft:sneak_time":6526,"minecraft:walk_under_water_one_cm":423,"minecraft:jump":2088,"minecraft:walk_on_water_one_cm":819,"minecraft:total_world_time":160836,"minecraft:interact_with_furnace":8,"minecraft:interact_with_stonecutter":1,"minecraft:sleep_in_bed":9,"minecraft:time_since_rest":58,"minecraft:waystone_activated":1,"minecraft:damage_taken":1381,"minecraft:damage_dealt":9105,"minecraft:swim_one_cm":7069,"minecraft:fly_one_cm":318315,"minecraft:open_chest":41,"minecraft:crouch_one_cm":17000,"tombstone:undead_killed":3,"minecraft:fall_one_cm":50370},"minecraft:used":{"minecraft:oak_fence":2,"minecraft:iron_shovel":39,"minecraft:carved_pumpkin":1,"minecraft:stone_shovel":142,"minecraft:chest":2,"minecraft:netherrack":3,"minecraft:oak_door":1,"minecraft:torch":9,"minecraft:dirt":41,"mcwwindows:oak_four_window":28,"minecraft:glass":13,"minecraft:bookshelf":4,"minecraft:iron_axe":389,"minecraft:oak_stairs":41,"born_in_chaos_v1:mint_candy":1,"minecraft:oak_sapling":11,"minecraft:furnace":3,"tombstone:gift":3,"minecraft:egg":3,"minecraft:golden_axe":32,"born_in_chaos_v1:trident_hayfork":4,"mcwwindows:oak_window2":4,"minecraft:oak_planks":206,"minecraft:white_wool":6,"minecraft:oak_slab":117,"minecraft:crafting_table":3,"minecraft:blast_furnace":1,"minecraft:white_bed":7,"minecraft:oak_log":286,"minecraft:apple":5,"minecraft:bread":29,"minecraft:iron_pickaxe":427,"born_in_chaos_v1:marigolds":2,"minecraft:stone_axe":51,"minecraft:cobblestone":220},"minecraft:broken":{"minecraft:golden_axe":1,"minecraft:iron_axe":2,"minecraft:stone_axe":1,"minecraft:iron_pickaxe":1,"minecraft:stone_shovel":1},"minecraft:killed":{"born_in_chaos_v1:pumpkin_spirit":1,"born_in_chaos_v1:door_knight_not_despawn":1,"born_in_chaos_v1:zombie_clown_not_despawn":1,"minecraft:zombie_horse":1,"minecraft:horse":3,"minecraft:chicken":3,"minecraft:pig":3,"minecraft:iron_golem":6,"minecraft:sheep":6},"minecraft:mined":{"minecraft:spruce_planks":4,"minecraft:white_bed":6,"minecraft:oak_sapling":17,"minecraft:mossy_cobblestone":9,"minecraft:oak_door":2,"minecraft:carved_pumpkin":1,"minecraft:grass_block":161,"minecraft:spawner":3,"mcwwindows:oak_four_window":2,"minecraft:furnace":2,"minecraft:barrel":5,"minecraft:andesite":1,"minecraft:gold_block":1,"minecraft:bookshelf":4,"minecraft:oak_stairs":40,"minecraft:stone":301,"minecraft:white_wool":6,"immersiveengineering:ore_aluminum":13,"minecraft:oak_slab":17,"minecraft:glass_pane":8,"born_in_chaos_v1:marigolds":2,"minecraft:dandelion":1,"minecraft:oak_fence":3,"minecraft:crafting_table":2,"minecraft:chest":1,"minecraft:glass":13,"minecraft:cobblestone":41,"minecraft:tall_grass":85,"minecraft:oak_planks":147,"minecraft:wall_torch":4,"mcwwindows:oak_window2":4,"born_in_chaos_v1:river_mint":14,"minecraft:grass":311,"minecraft:oak_log":78,"minecraft:coal_ore":43,"minecraft:dirt":15,"minecraft:netherrack":4,"minecraft:oak_leaves":1},"minecraft:crafted":{"mcwwindows:window_half_bar_base":56,"minecraft:oak_planks":256,"minecraft:smooth_stone":3,"minecraft:stone_shovel":1,"minecraft:furnace":2,"minecraft:blast_furnace":1,"minecraft:stone":3,"minecraft:glass":64,"minecraft:iron_axe":2,"minecraft:chest":1,"minecraft:wheat":9,"minecraft:oak_slab":132,"mcwwindows:oak_window2":24,"minecraft:crafting_table":1,"mcwwindows:window_centre_bar_base":32,"minecraft:air":0,"minecraft:bread":12,"mcwwindows:window_base":56,"minecraft:stick":68,"minecraft:iron_pickaxe":3,"minecraft:oak_stairs":16,"minecraft:iron_shovel":1,"mcwwindows:oak_four_window":32,"minecraft:white_bed":2,"minecraft:torch":8}},"DataVersion":3465}